id,location,severity_type,severity
14121,118,2,1
9320,91,2,0
14394,152,2,1
8218,931,1,1
14804,120,1,0
1080,664,1,0
9731,640,4,0
15505,122,2,0
3443,263,2,1
13300,613,1,1
8976,760,1,1
7965,519,2,0
10342,746,1,0
6741,1066,1,1
7187,812,1,0
16780,343,2,0
14195,133,2,0
14025,976,1,0
8548,948,1,1
9566,808,1,0
15652,894,1,0
3931,875,1,0
4557,1024,2,0
3610,166,4,0
16574,687,4,0
7504,1016,1,1
9735,707,2,0
14048,978,1,1
6769,775,1,0
2514,829,2,0
896,732,1,0
4757,508,2,0
16358,257,1,1
11810,116,2,0
7274,830,1,1
2972,491,2,0
7392,253,2,0
6824,740,2,0
4311,704,1,2
12261,1089,1,2
14752,653,2,0
14992,600,2,2
967,892,1,2
8059,802,4,0
13406,794,1,0
11424,477,2,0
3945,684,2,2
10351,895,1,2
2272,496,2,0
10752,321,2,1
17096,1107,1,2
17314,1086,2,2
12770,895,1,1
3304,1099,2,1
9012,975,1,0
9928,1019,2,2
297,812,1,2
5751,342,2,0
17692,744,2,1
3688,181,4,0
3425,1086,2,1
7871,1052,1,1
10013,696,2,0
13832,1008,2,1
11743,798,2,1
10099,760,1,1
16682,777,2,1
10156,95,2,1
16154,699,5,0
14176,272,1,1
14964,704,2,2
12896,613,1,2
7288,846,2,2
15882,795,1,0
12441,826,1,1
17248,112,2,0
16745,778,2,0
5315,810,1,0
17118,895,1,1
7725,690,1,0
2311,494,1,0
4292,1095,2,0
15773,445,2,0
6531,478,2,0
16009,661,2,0
11930,380,2,0
8541,242,2,0
11019,1082,1,0
8274,181,2,0
722,1007,1,0
12305,131,2,1
11444,1007,1,1
4006,931,1,1
9231,980,1,1
6821,118,1,0
12888,373,2,0
6779,169,2,0
11232,421,1,0
11685,779,2,2
1318,690,1,1
909,59,2,1
18511,648,1,1
16460,478,2,0
12008,118,2,0
6811,124,2,0
16071,7,1,0
4486,12,1,0
183,1026,1,1
5729,270,4,0
15368,1106,1,0
5064,1090,1,0
11530,522,2,0
14860,1007,1,0
13166,836,1,0
14528,145,2,0
4202,895,2,1
3916,1020,1,1
11454,804,1,1
12297,1055,1,0
553,798,1,0
10390,1052,1,1
5056,122,2,0
10503,157,2,0
1835,802,1,1
10085,242,2,0
13807,893,1,0
11318,457,2,0
533,99,4,0
10538,839,1,1
11549,719,1,0
16900,793,1,0
599,1109,1,0
11700,648,1,0
18331,957,2,0
5381,600,2,2
13638,665,1,0
2703,846,2,0
13686,1107,2,0
6240,1052,1,2
8546,1107,1,0
4578,948,2,0
15870,646,1,0
17084,302,4,0
4114,273,1,0
8011,1,2,0
6588,124,2,0
12490,704,1,2
3975,476,2,0
4720,152,2,0
15209,734,1,0
6092,1076,2,1
9426,798,1,0
2307,520,2,0
13291,1046,1,0
17245,803,2,1
11726,963,1,0
15486,821,1,0
9033,1061,1,2
9959,714,1,0
3798,242,2,0
15624,613,1,1
5995,91,2,0
9644,1007,1,0
10779,300,2,0
9734,272,2,1
14954,1106,1,1
15493,611,1,0
6222,724,1,1
17390,173,2,1
6826,943,1,1
8611,821,1,2
9087,795,2,0
17472,733,1,1
12760,249,2,0
4963,704,2,2
6225,821,1,1
7959,802,1,0
1773,957,1,1
6136,408,2,1
5965,723,1,1
5390,255,2,0
13663,655,1,2
4501,888,1,0
13442,704,2,1
6958,989,2,0
16339,1015,1,0
9372,1019,1,0
5576,692,1,1
663,653,1,0
1473,945,1,1
949,651,1,0
10513,1106,1,0
14289,763,1,1
15260,416,4,0
9812,830,1,0
4916,704,2,2
17515,1024,1,2
17388,497,2,0
4450,890,2,0
16258,849,2,0
10528,208,1,0
4003,255,2,1
3954,139,1,1
13945,914,1,1
15607,326,1,0
11897,937,1,0
12609,1086,2,0
10122,506,2,0
7886,149,4,0
15771,846,2,0
17681,865,1,0
15863,925,1,2
17690,798,2,1
8606,243,2,0
11362,193,2,0
4604,723,1,0
5480,471,2,0
12277,1107,1,2
1400,375,2,0
6687,91,2,0
11153,1047,2,0
8313,798,2,2
5787,490,2,0
741,1051,1,0
16502,763,2,0
4036,896,1,0
5029,1011,1,0
18158,834,2,1
18441,118,2,0
4268,97,4,0
4092,1019,1,0
16819,226,4,0
7774,962,2,2
5824,885,2,0
7295,821,1,1
18146,812,1,0
17409,816,1,2
6095,638,4,0
9032,945,1,0
5210,468,2,0
11177,380,2,0
12324,1109,1,1
1697,1122,1,0
3106,1098,2,1
7824,376,1,0
2588,1,1,0
13644,303,4,0
13082,126,2,0
8150,520,2,0
6234,734,1,0
10350,507,2,0
13538,709,1,0
2338,466,2,0
17947,466,2,0
9786,12,2,0
9514,1102,2,0
13670,998,2,0
15482,727,1,0
12517,76,1,1
411,734,1,1
10237,830,1,0
12734,798,1,0
10863,309,2,0
11390,737,2,0
5260,1111,1,0
8244,314,2,1
4161,1023,1,1
16354,658,1,0
15236,477,2,0
14877,990,1,0
4810,445,2,0
4637,618,4,0
14124,758,1,1
4737,488,2,0
5377,643,1,1
14696,834,2,0
2880,607,1,1
17021,141,4,0
11043,497,2,0
6,332,2,1
2380,821,1,1
6563,794,1,0
2273,814,1,0
1743,794,1,1
12919,921,2,2
7922,742,1,0
8201,897,4,0
13659,466,2,0
2861,1107,1,0
17883,744,1,2
17057,122,2,0
12316,240,2,0
12541,691,1,0
363,809,1,0
4166,549,1,1
8354,810,2,0
9160,1089,1,1
1476,266,4,0
8193,1010,1,1
12708,1094,1,1
13410,345,2,0
12066,501,2,0
8570,939,1,0
4204,957,1,0
18290,373,2,0
11441,684,2,2
17975,1094,1,1
11262,821,2,0
3768,823,1,0
11418,244,2,0
13813,857,1,1
1665,846,2,1
4170,1065,1,0
12798,1008,2,0
681,1099,1,0
319,1099,1,0
17956,300,2,0
429,793,1,0
6663,906,1,1
10586,404,1,1
8583,1117,1,0
8030,461,2,0
5099,95,2,0
446,1056,1,1
5725,995,2,1
15436,893,1,0
6758,500,2,0
6449,122,2,0
4552,613,1,1
17865,846,2,0
1645,653,2,1
1308,100,2,0
8781,311,2,1
831,126,2,0
15145,1107,2,0
17654,477,1,0
603,507,2,0
5962,390,2,0
11520,756,1,0
10341,90,2,0
5070,684,1,0
1197,479,2,0
6187,734,1,1
733,1106,1,0
2242,124,2,0
479,1025,1,0
12362,473,2,0
14596,314,2,0
6801,1107,1,1
4896,249,1,1
3287,613,1,1
8377,161,2,1
14233,1029,1,0
5065,711,1,0
6233,375,2,0
4160,97,1,0
16840,244,2,0
18192,1054,1,0
7711,974,2,0
7254,810,1,1
3214,734,1,0
14597,1115,1,1
15086,867,1,2
8686,326,1,0
16989,931,1,2
420,686,1,0
16891,242,2,0
8046,899,1,1
7484,202,1,0
14880,923,1,0
16049,894,1,0
227,771,2,0
1387,95,2,0
12011,485,2,0
6123,974,1,0
8935,919,1,0
2865,1009,1,0
17241,814,2,0
5237,973,1,0
3185,120,2,1
4691,504,1,0
8423,500,2,0
17894,1058,2,0
14642,497,2,0
5292,471,2,0
3670,1084,1,1
7301,846,2,1
2105,234,2,0
1954,418,4,0
7699,875,2,0
15680,821,1,1
16960,490,2,0
2476,107,2,0
4646,126,2,0
4826,122,2,0
14595,1,2,1
12970,618,2,1
9353,95,2,0
17222,491,2,0
10057,500,2,0
12864,921,1,2
16999,878,1,0
2692,444,2,0
14976,963,1,0
6847,240,2,1
15784,599,2,0
8439,303,1,1
7067,684,2,0
18113,155,2,1
17415,717,1,0
12978,1010,1,0
5459,878,1,0
10742,991,1,1
497,253,2,0
6646,1058,2,0
12958,1042,1,0
5394,35,1,0
12610,648,1,1
5926,465,1,0
9713,499,2,0
7364,597,1,0
5311,836,1,0
13337,101,2,0
11149,476,2,0
6938,864,1,1
14109,808,1,0
16926,91,2,0
5219,157,2,0
14939,845,2,1
6492,695,1,0
4107,707,2,0
506,756,1,0
2435,738,1,1
12376,734,2,1
135,878,1,0
9605,244,2,0
13872,1084,2,0
15057,1008,2,0
11020,661,1,1
3536,1063,1,0
14249,821,1,2
3979,95,2,0
8293,407,4,0
2987,126,2,0
2361,821,1,2
11595,984,1,2
15473,641,1,0
8927,468,2,0
7128,1052,1,1
5580,644,1,0
2302,644,1,0
3332,468,2,0
15011,826,1,1
3262,763,1,0
8459,1107,1,0
3303,794,1,0
7207,124,2,0
2560,478,2,0
5935,504,2,0
17817,116,1,0
6081,704,1,0
1244,276,2,1
784,445,2,0
5703,846,1,2
4848,1,1,0
5634,1075,2,1
16696,793,1,0
12619,326,4,0
15671,252,2,1
12676,519,2,0
18093,1083,1,1
11855,972,2,1
1456,1048,1,0
17460,1100,1,1
12099,957,1,0
274,244,2,0
105,376,2,1
13301,1046,1,0
12782,821,2,2
8928,324,2,0
11604,847,1,0
16445,709,1,0
16694,810,1,1
646,484,2,0
11171,894,1,0
18228,684,1,2
1104,760,1,1
16966,230,2,0
16874,1099,1,0
18127,943,1,1
1205,242,2,0
3172,122,2,0
18535,133,2,0
8729,734,1,1
3384,9,1,0
7640,998,1,0
7007,1049,1,0
11469,229,1,0
16837,1065,1,1
17237,878,1,0
19,644,1,1
14290,249,1,0
6761,321,1,0
15850,100,2,0
16249,126,2,0
11170,322,4,0
9380,618,1,1
1790,148,2,0
14735,1075,1,2
14241,57,1,1
5689,91,2,0
14799,462,2,1
15037,790,1,0
17745,1008,2,1
874,1100,1,2
11724,707,2,0
12109,662,1,0
2589,679,1,1
1619,533,1,0
9224,658,1,0
6197,1117,2,0
6643,51,1,1
14544,1125,1,1
14337,1109,1,0
16159,135,2,0
12623,297,4,0
11193,897,1,1
10700,498,2,0
1264,808,1,0
18386,526,2,0
5364,504,2,0
16123,603,1,0
6111,599,2,1
7607,810,1,2
14830,619,1,1
12961,1061,1,2
16230,9,1,0
8174,760,1,1
15369,1052,2,0
4558,122,2,0
12259,707,2,0
14532,805,1,0
6004,124,2,0
12646,380,2,0
8685,159,2,0
11183,477,1,0
8953,108,2,1
17491,691,2,0
13130,496,2,0
14740,814,2,0
532,1090,1,0
13907,765,2,1
18363,609,1,1
10422,584,2,0
6041,600,2,0
8590,897,1,2
17319,455,2,0
14844,790,1,1
6719,845,2,2
417,856,2,1
16552,1093,1,1
2145,466,2,0
13169,154,1,0
15657,102,2,0
17361,507,2,0
17844,242,2,0
16368,126,2,0
4652,810,2,0
4238,931,2,0
7490,834,1,2
8847,962,2,0
11995,896,1,0
7139,493,2,0
6002,477,2,0
14402,830,1,0
14409,793,1,0
1098,891,1,0
12774,278,2,1
5249,704,2,2
1382,1019,2,2
15226,130,1,1
94,1111,1,2
9591,398,4,0
11886,754,1,0
1621,1020,1,1
810,1025,4,0
8536,161,2,1
3169,300,2,1
6788,926,1,2
3111,681,1,0
4080,62,1,1
18193,442,2,1
16218,807,1,1
4246,282,4,0
14125,699,1,0
821,1008,2,1
13006,337,4,0
18173,822,1,0
11276,962,2,0
10371,496,2,0
9261,495,2,0
18297,1061,2,0
912,1090,1,1
7579,1050,1,1
10263,236,2,1
18391,810,1,0
16015,823,1,1
17938,122,2,0
2894,934,1,0
6648,1008,2,0
11137,603,1,2
17054,149,2,0
6495,984,2,0
10070,126,2,0
11029,1054,2,1
16043,495,2,0
12529,534,1,0
9536,420,2,1
5281,645,1,0
14815,13,1,0
11651,102,2,1
6697,700,2,0
488,400,4,0
9228,760,4,1
6298,600,2,2
12674,128,2,0
18262,278,1,0
3569,983,1,1
17870,473,2,0
2074,507,2,0
16700,821,1,2
8286,375,2,1
6739,691,2,0
13417,613,1,0
12365,682,1,0
6966,918,1,1
6572,1048,2,0
8558,834,1,0
11860,468,1,0
15193,964,1,0
17502,1024,1,0
13120,288,1,0
17275,175,2,1
16879,695,1,0
18392,418,2,1
11333,328,2,0
16107,808,1,0
2054,147,2,0
6395,100,2,0
14049,500,2,0
10894,128,2,0
6591,1065,1,1
11403,976,2,0
18213,849,1,0
1691,518,2,0
13032,879,1,0
13322,1076,2,0
1974,1037,2,0
8387,328,4,0
9942,255,2,0
9577,957,1,0
5904,135,2,0
7456,262,1,0
14265,945,1,0
17219,476,2,0
1086,1093,1,0
17788,296,2,0
5336,498,2,0
1314,810,2,0
7208,845,2,0
10998,9,1,0
2143,794,1,0
1164,794,1,2
6471,894,1,2
9099,798,2,0
13296,999,1,1
978,802,2,1
3645,243,2,0
4802,296,2,1
10027,684,1,1
1022,767,1,2
11848,892,1,0
15419,278,4,0
3058,240,2,0
7001,600,2,2
8160,721,1,0
14414,1086,1,2
8415,546,2,1
12471,171,1,0
11077,281,2,0
7847,931,2,0
6851,126,2,0
4852,1099,1,0
3982,116,1,0
8727,885,2,0
10683,484,2,0
9412,404,2,1
6288,999,1,1
18012,584,2,0
6261,477,2,0
8481,1103,1,1
7926,469,2,0
8789,1052,1,2
2542,984,1,1
3571,821,1,1
5602,707,2,0
570,1089,1,0
18452,457,2,0
10478,1119,1,2
9793,344,2,0
7516,276,2,1
15506,686,1,0
4969,1117,2,0
11738,1107,1,1
9037,473,2,0
2180,12,1,1
4831,876,1,0
4524,810,1,0
897,373,2,0
11590,635,1,0
16275,613,1,2
6421,834,1,0
12977,91,2,0
10389,124,2,0
716,895,1,2
3821,643,4,0
9584,500,2,0
18110,644,1,2
2184,1014,1,0
4253,1104,2,0
149,504,2,0
18163,480,2,0
17847,122,2,0
14558,1107,1,1
16573,733,1,0
18039,691,2,1
1428,921,1,1
13919,1083,2,0
5775,763,2,1
12068,899,1,0
2596,244,2,0
15036,895,1,0
13999,846,2,0
3182,157,2,0
18498,892,1,0
2860,798,2,1
6724,707,1,0
5413,845,2,2
1716,1008,2,1
1699,498,2,0
7576,627,2,0
14634,145,2,1
11523,298,4,0
18341,498,2,0
16010,891,1,0
12862,1052,2,1
1492,755,2,0
12573,805,1,0
9422,126,2,0
9444,846,2,0
1646,1111,1,0
1447,642,1,1
14855,363,2,0
8602,497,2,0
6700,480,2,0
9205,714,2,0
8176,809,2,0
8376,496,2,0
12353,1042,2,0
14661,1019,1,0
14212,1089,1,2
6694,995,1,1
385,1107,1,1
13113,803,1,0
7670,504,2,0
10675,798,2,2
2221,1061,2,0
7758,704,2,1
11979,120,2,0
1217,451,2,0
16468,1010,2,0
6061,638,4,0
17735,846,2,1
18275,380,2,0
16407,584,1,0
4042,476,1,0
501,157,2,0
9005,471,2,0
4972,120,1,0
8107,488,2,0
13101,400,2,0
14400,735,2,0
11777,244,2,0
9951,805,1,0
7844,800,1,0
10539,809,1,0
11882,240,2,0
16092,734,1,0
2662,149,1,0
11023,902,1,0
4527,500,4,0
1051,480,2,0
14751,478,2,0
9096,968,1,0
14820,812,1,1
15604,944,1,0
13892,505,2,0
2186,480,2,0
9817,497,2,0
15340,709,1,0
15877,26,4,1
2277,836,1,0
15816,477,2,0
11167,343,4,0
4175,684,2,1
15765,466,2,0
3401,893,1,1
1981,600,2,1
15993,885,1,0
5907,638,1,0
18031,369,2,0
4028,484,2,0
6891,1063,1,0
18227,126,4,0
7951,1031,1,1
12022,643,1,1
12753,124,2,0
12320,903,2,0
5386,459,2,0
14658,276,1,0
622,856,2,1
6988,408,2,1
5537,1109,1,1
17106,181,2,0
13793,846,2,2
193,979,1,0
6059,335,2,1
4272,115,2,0
15383,846,2,1
4934,931,2,0
3646,175,1,1
14240,983,1,1
15303,810,1,0
8487,721,1,1
295,1050,1,1
5259,1,1,0
2118,379,2,0
18539,147,1,0
157,1072,1,0
12651,1030,1,1
900,819,4,1
3681,157,2,0
13970,845,1,2
7779,763,1,2
13880,618,1,1
14425,1038,1,1
11781,1044,1,0
7286,837,1,1
10427,229,1,1
4303,477,2,0
15913,1096,1,0
616,885,1,1
17051,964,2,0
10167,373,2,0
3566,518,4,0
10457,49,1,0
11166,848,2,0
8099,242,4,0
16791,744,1,1
665,1008,2,1
11816,829,2,0
855,1019,1,2
11078,894,1,0
15359,1034,1,2
13401,1049,1,0
8017,609,2,0
491,808,1,0
7900,477,2,0
3968,665,1,0
18111,963,1,0
9877,819,4,0
9134,805,1,0
15523,445,2,0
7902,891,2,0
1864,1107,1,2
8032,734,1,2
4756,745,1,2
4176,206,1,0
11482,930,1,0
16543,446,2,0
5903,344,2,0
1228,91,2,1
1533,475,2,0
15606,644,1,1
11776,1023,2,1
1430,807,4,0
5299,467,1,0
9479,118,2,0
14690,408,2,0
3364,13,1,1
9065,9,1,0
13823,1022,1,0
5229,496,2,0
9102,292,2,1
9908,1117,2,0
15274,962,1,1
15710,684,1,2
15801,1008,1,2
12900,476,2,0
10326,707,2,0
7841,690,1,0
16283,704,1,0
917,448,2,1
11861,803,1,1
17029,640,1,0
17343,1107,1,2
14267,864,1,1
13102,460,2,0
6991,794,1,0
3952,1,1,1
11868,46,1,0
11058,1066,1,0
16359,899,4,0
16972,845,2,1
12255,938,1,1
18005,1042,2,0
2237,135,2,0
13926,653,2,1
5337,1,1,0
18010,601,1,1
9630,884,1,0
8680,1042,2,0
17306,159,1,1
4165,1050,2,1
11355,892,1,0
5201,242,2,0
1702,810,1,1
7657,1118,1,0
12464,466,2,0
8784,793,1,0
9469,793,1,0
5505,307,4,0
14461,684,1,0
7649,253,1,0
10954,942,4,0
8856,609,2,1
1085,497,2,0
14363,122,2,0
6625,489,2,0
8806,962,1,2
10642,600,2,2
6787,171,2,0
17832,509,2,0
5406,793,2,0
6130,495,2,0
742,1107,1,0
10531,755,1,0
3806,128,2,0
8367,863,1,1
541,488,2,0
5058,738,1,1
14133,173,2,0
4980,311,1,0
1632,441,2,1
16847,932,2,0
500,280,4,0
16045,88,2,0
18076,1000,1,0
6832,931,1,1
12891,938,2,0
640,744,1,0
10946,507,2,0
11820,895,1,1
15119,159,2,1
10451,333,4,0
10131,471,2,0
8041,155,2,0
6892,821,1,0
8794,229,4,0
16213,466,2,0
7130,816,1,0
13070,846,2,2
10153,270,2,0
3101,244,2,0
5075,782,1,0
3736,712,1,0
16064,1008,2,2
12893,1061,2,1
5899,808,2,0
3195,816,1,1
8422,1120,1,1
4223,509,2,0
9263,600,2,1
4833,107,2,1
7284,763,2,2
13689,1103,1,1
1574,1008,1,0
8987,607,2,0
15944,373,2,0
9441,102,2,1
16147,946,2,0
3994,976,1,2
777,1023,1,1
13142,466,2,0
10146,1072,1,0
9583,126,2,0
3629,1005,1,0
9081,845,2,1
9611,1042,2,1
984,445,2,0
8344,301,2,0
11252,600,2,0
10282,445,2,0
10561,1018,1,0
6715,1011,1,1
11753,661,4,1
2432,923,1,0
15157,1049,1,2
2627,118,2,0
843,895,1,2
1675,91,2,0
15140,957,2,0
7874,126,2,0
415,903,1,1
4435,558,2,1
7798,618,4,1
16494,707,1,0
8263,1010,2,1
8523,742,1,0
1793,1107,1,2
15593,899,1,1
5545,1007,1,0
5889,794,1,0
15923,507,2,0
2576,1038,1,1
14879,326,2,1
9148,903,2,0
3512,145,1,0
12789,1049,1,0
3941,409,2,1
11052,342,4,0
7720,991,1,2
15625,375,2,1
33,473,2,0
17490,584,1,0
14456,808,1,0
2452,116,1,1
7338,1089,1,1
17440,102,2,0
12038,349,2,0
7179,1058,1,1
10343,91,2,0
49,484,2,0
8163,821,1,2
16950,495,2,0
12761,1052,1,2
5123,344,2,1
14988,470,2,0
10620,244,2,0
6975,653,2,2
9604,462,4,0
3921,771,1,2
16832,821,2,2
17837,466,2,0
11872,974,1,1
14522,358,2,1
13015,951,1,0
9520,1046,2,1
4749,309,1,1
9675,653,1,1
8071,133,2,1
9519,931,2,1
721,798,2,0
1653,899,1,0
13560,810,1,2
12921,342,2,1
2715,68,1,1
5183,596,1,1
1239,244,2,0
17297,415,2,1
10115,601,1,1
11846,976,1,1
10501,1052,2,0
12772,466,2,0
2067,1018,1,0
11585,44,4,0
13940,653,2,2
7131,446,1,0
12352,1078,1,0
3236,809,2,0
13240,495,2,0
581,1007,2,0
6581,1019,2,0
6219,674,1,2
11757,673,1,1
8852,774,2,0
5179,846,2,1
1105,467,1,0
12535,1042,2,1
17546,276,2,0
13201,242,2,0
15848,834,1,0
11224,823,2,0
12147,943,1,0
10776,407,2,1
2363,891,1,0
8994,459,2,0
13847,378,2,0
17436,798,2,2
2541,1103,1,0
1152,891,1,0
17914,446,1,1
2397,104,2,0
10648,380,2,0
8275,936,1,1
7916,1106,1,1
3495,979,1,1
14895,794,1,1
9137,704,2,0
9606,252,4,1
7196,723,1,0
6319,584,2,0
11431,34,1,0
3166,839,1,1
6740,707,2,0
16904,846,2,1
6198,655,1,1
1406,735,1,0
3528,879,1,0
11571,463,2,0
17811,1100,1,1
1658,126,2,0
10400,849,1,0
11824,613,2,0
6831,699,1,0
10938,830,1,0
2440,1075,2,2
13393,856,1,1
16144,818,1,1
9621,375,2,0
3141,755,1,0
13593,786,1,0
15446,495,2,0
8100,91,2,0
8694,1015,1,1
7151,834,2,0
4496,693,1,1
8408,790,1,0
15952,1,1,1
15580,798,2,2
6221,909,1,2
4642,793,1,0
14545,465,2,0
9587,967,4,1
7919,724,1,1
13384,139,2,1
3053,793,1,0
472,122,2,0
811,314,2,0
17966,795,1,0
9770,696,2,0
11806,479,2,0
7108,1083,1,2
16491,821,2,2
8922,515,2,0
14724,684,2,1
7820,794,1,0
13196,151,2,1
1381,695,1,1
17200,471,2,0
914,714,2,1
5891,839,4,0
14452,484,2,0
4493,821,1,0
1822,1052,1,1
4097,51,1,0
3815,995,1,2
14397,122,2,0
262,994,2,0
10185,1052,1,2
2464,7,1,0
2725,460,2,1
10474,481,2,0
9198,653,1,2
13354,1008,2,2
12226,7,1,0
12496,707,2,0
2718,476,2,0
4301,467,2,0
11134,1083,1,0
17653,1016,1,1
11079,518,2,0
8096,8,1,0
4721,742,1,0
6069,373,2,0
15313,466,2,0
18179,627,1,0
10587,256,2,0
660,124,2,0
16476,881,1,0
6013,126,2,0
3072,118,2,0
18215,931,1,0
9294,140,1,0
12430,267,2,0
412,1080,1,1
5809,124,2,0
8808,495,2,0
4576,477,2,0
7344,424,2,0
3965,91,2,0
12984,942,1,0
6890,844,1,1
10645,710,2,0
8309,1104,1,0
17659,1031,1,0
836,128,4,0
11692,628,1,0
14575,768,1,0
11586,1050,4,1
9052,1100,1,0
2932,957,4,1
14215,692,1,0
18536,821,1,0
14795,469,2,0
12215,122,2,0
8179,839,1,0
12194,1008,2,0
12186,1093,1,0
11594,479,2,0
3346,277,2,0
18155,124,2,0
12908,444,1,0
4960,821,1,0
12046,627,1,0
2832,1061,2,2
6907,325,1,0
14713,155,2,0
12087,1100,1,2
10809,893,1,0
6754,696,1,0
14182,1104,2,0
13742,977,5,1
7178,485,2,0
2139,505,2,0
7278,519,2,0
10398,124,2,0
9681,943,1,0
12284,1031,1,1
15001,1042,2,2
14164,507,2,0
17405,707,2,0
9927,288,1,1
439,842,1,0
2731,845,2,0
9501,1024,1,0
14206,931,1,1
5196,1107,1,0
18448,9,1,0
2817,600,2,0
13615,1084,1,1
11194,1032,1,1
7848,390,2,1
15143,124,2,0
12912,491,2,0
2241,470,2,0
7740,821,1,1
7828,684,2,1
17080,839,1,0
6054,653,2,2
8112,122,2,0
14561,468,2,0
16244,793,2,0
794,646,1,0
4913,380,2,0
15706,691,1,0
17636,834,2,2
2866,931,1,2
2282,704,1,2
15141,919,1,1
225,839,1,0
14540,1026,1,1
14948,1067,1,1
14715,838,2,0
2852,760,2,0
6747,1019,2,0
12050,860,1,0
10005,802,1,0
841,949,1,1
3785,963,1,0
275,704,2,2
16392,239,2,0
8681,375,2,0
9687,469,2,0
13803,1117,2,0
343,375,2,0
13743,878,1,0
9845,613,1,2
4076,790,1,0
656,481,2,0
6147,897,1,1
12267,957,2,0
1262,902,1,1
7268,821,2,1
15161,1095,1,0
11400,827,1,1
4236,885,2,0
15730,1078,2,0
5112,704,1,2
9363,1034,1,0
7290,600,2,0
13660,638,1,0
2409,912,1,1
18440,603,1,1
13239,1030,2,0
12291,664,1,0
14858,756,1,1
7330,485,2,0
17362,851,1,0
1210,448,1,0
2878,373,2,0
4152,1107,2,0
2622,137,2,0
9462,914,1,2
15985,460,2,1
11376,477,2,0
6567,763,2,0
13097,445,2,0
16084,573,1,0
3456,924,1,2
4221,126,2,0
15977,866,1,2
958,313,2,0
5405,469,2,0
3913,123,2,0
16379,468,2,0
13728,821,1,0
13641,790,4,0
8262,519,2,0
615,445,2,1
6640,667,1,0
15214,919,4,0
377,735,1,0
9192,441,2,0
15390,242,2,0
2068,735,1,0
1482,22,1,0
14888,465,2,0
17378,532,4,0
14406,661,1,0
11336,135,2,0
3201,102,4,0
715,445,2,0
1582,476,2,0
18117,706,1,0
4566,794,1,0
1044,744,4,0
4227,382,4,1
3092,381,1,0
1762,1053,1,1
9289,742,2,0
2099,897,4,0
7603,477,2,0
13147,7,1,0
16953,242,2,0
15346,891,1,0
971,485,2,0
9580,856,1,1
5564,891,1,0
2082,1099,1,2
2197,916,1,0
6390,763,2,0
1211,83,1,1
12069,243,2,0
4933,704,2,0
9774,704,2,1
1126,1019,1,0
5419,116,4,0
9953,465,2,0
2723,67,2,1
9234,818,2,1
13564,135,2,0
12336,653,1,0
6067,627,2,0
5702,938,1,1
9312,326,4,0
11037,1008,2,2
16609,122,2,0
2458,1100,1,1
8762,1086,2,0
9494,253,1,1
11718,976,2,2
11730,976,2,1
16316,283,2,0
3000,921,2,1
17130,972,4,1
3341,1107,2,0
16464,520,2,0
6595,803,1,1
15941,124,2,0
8832,886,1,1
10404,821,1,0
961,925,1,0
11042,899,1,0
2117,963,1,0
10829,1045,1,0
16807,20,1,1
6440,1052,1,1
3345,249,2,0
3131,505,2,0
14108,1050,2,0
7970,1079,1,0
10516,1007,1,1
6074,1075,2,2
5949,624,1,0
17196,919,1,0
9525,298,2,1
12612,108,2,1
10892,853,2,0
9792,962,1,2
789,810,2,2
702,976,1,0
9626,1063,1,0
13971,126,2,0
15875,424,1,1
12506,619,1,0
11813,518,2,0
11084,262,1,0
2827,300,1,0
10693,240,2,0
3988,1038,1,1
4423,767,1,1
18482,1050,2,0
11298,984,2,0
8714,118,2,0
10755,722,1,1
4125,242,2,0
9722,1019,2,1
5954,1044,2,0
2784,895,1,2
6885,535,1,2
17139,893,1,0
12537,1042,2,0
7676,995,1,2
8026,509,2,0
3042,305,4,0
3831,374,2,0
1839,9,2,0
3946,976,2,2
1892,309,4,0
12675,1107,1,1
4856,820,1,1
10957,836,2,0
3919,814,1,0
15479,893,1,0
17701,803,1,1
18232,380,2,0
242,1031,1,0
17890,83,1,1
10426,563,2,0
14682,627,4,0
10844,1011,1,1
3199,1117,1,0
2734,1010,1,0
10658,1015,1,0
11696,744,1,2
10379,126,2,0
9906,560,1,1
18220,1008,1,0
4034,507,2,0
6652,385,2,1
4936,794,1,0
12533,373,2,0
636,102,2,1
9897,500,2,0
5061,251,1,0
580,89,2,1
16677,878,1,0
3396,895,1,1
3823,734,1,0
12097,812,1,0
12073,469,1,0
18355,169,2,0
11637,479,1,0
9907,1008,2,0
3339,723,2,0
11328,734,1,2
1768,943,1,1
8259,943,1,1
17633,684,2,2
17315,288,1,0
1072,1086,2,2
14996,763,1,2
13779,441,1,0
17142,475,2,0
57,1075,1,1
6083,893,1,0
10715,902,1,1
2535,805,1,0
16521,810,2,1
11330,1036,2,0
5214,745,1,2
13623,206,1,0
12745,821,1,1
8609,270,2,1
12657,653,1,0
11359,114,1,1
2648,834,2,1
15831,834,2,0
6686,56,5,0
2335,147,2,0
5976,962,2,0
5888,450,2,0
266,879,2,0
11791,638,1,2
7119,72,1,1
16814,738,2,1
8234,1019,2,1
11790,1019,1,0
4394,839,1,1
89,253,4,0
13989,507,2,0
10703,955,1,0
3133,646,1,0
16433,931,1,1
5458,534,4,0
7483,889,1,0
9992,756,1,0
2557,998,2,0
2284,795,2,0
2943,760,1,0
13499,810,2,1
5522,899,1,1
16408,471,2,0
2631,470,1,0
2787,1042,2,1
15408,506,2,0
1873,704,1,2
14716,793,1,0
1659,197,4,0
9329,1080,1,1
13170,748,1,0
2437,102,2,0
12256,497,2,0
1136,520,2,0
6266,171,1,1
5593,12,1,1
5473,240,1,0
9800,802,1,0
7956,3,1,0
2711,476,1,0
10598,651,1,0
15862,2,2,1
2649,114,4,0
1959,248,4,0
17714,734,2,0
10884,350,2,0
4245,159,4,0
15433,8,2,0
10975,512,2,0
14134,814,1,0
998,878,1,0
251,122,2,0
4794,485,2,0
12992,1120,1,0
14229,1094,1,0
4351,684,1,0
6474,100,2,1
11552,601,1,0
14775,480,1,0
6866,325,2,1
2174,808,1,0
6936,836,1,1
6765,600,2,0
9601,894,1,0
9531,371,2,1
4468,476,2,0
11001,1099,1,0
6038,242,2,0
17671,1041,1,0
9059,1008,2,0
10724,651,1,0
8400,474,2,0
2929,845,1,0
18323,1042,2,2
1595,890,1,0
4105,808,1,0
1952,546,1,0
11442,893,1,0
8381,972,2,0
7950,403,4,0
15693,1019,1,0
15387,684,2,0
3286,707,2,0
14031,373,2,0
14358,471,2,0
2666,473,2,0
11953,613,1,2
10592,735,1,0
11581,1018,1,0
6212,102,1,0
16048,1109,1,1
6751,247,2,0
4368,638,1,2
7122,149,2,0
13458,976,1,1
6618,126,2,0
839,825,1,1
16438,829,1,0
3023,803,1,1
17330,808,1,0
8470,167,2,0
18288,599,1,0
3255,95,2,0
7540,1052,2,0
8647,696,2,0
4745,272,1,1
552,745,1,1
1583,821,2,1
9010,846,2,1
17935,944,1,1
7213,710,1,0
3100,834,2,0
15631,584,1,0
6900,9,1,0
14356,742,1,0
5122,914,1,0
12158,498,2,0
2798,810,2,0
7629,494,2,0
2157,1050,1,1
8152,756,1,1
9788,616,1,0
11124,885,2,0
3535,763,2,2
15055,975,1,0
18271,763,2,0
5510,1025,1,1
9620,1046,1,2
16507,81,1,1
6790,535,4,1
626,505,2,0
4569,818,1,1
7040,891,1,0
6228,494,2,0
18119,9,2,0
15807,450,2,0
16771,479,2,0
15804,894,1,0
16774,363,2,1
4143,1095,1,0
4196,999,1,1
4386,1066,1,1
10989,147,2,0
1342,691,2,0
18210,704,1,0
16180,248,2,0
13725,469,2,0
10866,436,1,1
10199,211,1,0
3718,798,2,2
16261,175,4,0
14232,821,2,0
16210,727,2,0
2500,995,1,2
13993,491,2,0
7118,228,2,1
6065,890,1,0
11618,484,2,0
12510,126,2,0
4703,1,1,2
16366,1107,1,0
4159,498,2,0
188,493,2,0
1745,734,1,1
14004,684,1,2
6898,599,2,1
8323,1099,1,0
14167,118,2,0
5491,365,1,0
1806,793,1,0
11517,942,1,1
17386,764,1,0
15806,223,2,1
61,284,2,1
3719,744,1,0
14141,1087,1,1
16409,12,1,0
12177,251,2,1
15789,128,2,0
54,488,2,0
8839,163,2,0
5551,645,1,1
15160,36,1,1
12567,566,1,2
480,899,2,0
8341,332,1,0
2209,963,1,0
4416,644,4,0
16866,821,2,1
9277,1042,2,2
12122,794,1,0
1578,369,2,0
453,619,2,0
10435,995,2,0
12175,495,2,0
6280,244,2,0
8031,995,1,1
18520,875,1,0
18030,652,1,0
18001,1099,1,0
15649,622,1,0
16800,472,4,0
200,1008,2,2
1242,497,2,0
10784,600,2,2
2804,653,2,0
10228,124,2,0
693,1052,1,1
4643,599,1,0
4588,360,1,1
18037,981,1,0
3706,810,1,2
1269,963,1,0
12999,810,2,1
14605,1021,1,2
3025,808,1,0
5129,851,4,1
13730,600,2,0
16864,127,2,0
5226,314,1,1
11612,821,1,0
13492,653,1,1
1251,962,2,0
11410,1086,2,1
605,1052,2,0
11034,504,2,0
10932,679,1,1
10060,823,2,0
5504,995,1,2
16406,944,2,0
691,931,2,0
10769,497,2,0
14902,759,1,1
7326,830,1,0
4290,1024,1,0
3465,1008,2,0
11713,373,2,0
13062,704,2,1
13381,471,2,0
10686,1095,1,1
1752,287,2,0
10831,469,2,0
7602,208,2,1
5558,91,2,0
4205,632,2,0
4469,1067,2,0
11593,904,1,0
7180,1084,1,1
5046,584,1,1
3138,91,2,0
13052,613,1,0
11546,7,1,2
12597,609,2,1
638,371,2,1
17095,653,2,0
2103,1075,2,1
10979,995,1,1
16797,944,1,1
17874,1042,2,1
15517,1018,1,1
3707,1048,2,0
10514,793,1,0
14972,899,4,0
10617,236,1,0
13684,607,2,0
926,1064,1,0
4817,918,1,2
4690,768,1,0
2008,1007,1,0
81,147,4,0
11687,1026,1,0
10305,477,2,0
12514,363,2,0
293,133,2,1
10212,853,1,0
5927,124,2,0
15911,684,2,0
5424,305,2,1
8298,925,1,1
881,889,2,0
452,821,2,1
3956,268,1,1
10746,245,2,0
5738,471,2,0
15113,946,1,0
10268,893,1,0
1672,288,2,0
14655,803,1,1
4591,1019,2,0
15458,92,2,0
6195,600,2,2
234,714,1,1
14567,92,2,0
3212,1097,1,1
8513,869,1,0
12746,128,2,0
3716,834,2,0
4441,627,2,0
12966,342,2,1
1872,576,1,0
1854,467,4,0
3348,817,1,0
18353,1081,1,0
12055,1052,2,0
8079,1042,2,1
3820,235,2,0
15965,97,2,0
5355,810,1,2
4689,980,1,0
1644,584,1,1
16577,821,1,2
9352,95,2,1
11121,477,2,0
969,1079,1,0
8094,1050,4,0
12832,476,2,0
8651,616,2,0
11617,762,1,0
1207,809,2,0
4024,602,1,0
14801,413,2,1
1735,934,1,0
4144,651,1,1
8222,619,1,0
5490,522,2,0
17537,208,4,0
4813,821,1,0
1193,1067,1,1
5152,244,2,0
16629,181,4,0
4842,499,2,0
5683,644,1,1
13447,1100,1,2
13179,810,1,0
1577,272,1,1
7542,808,2,0
4340,460,2,0
1692,817,1,0
10801,398,4,0
8755,448,2,1
5232,821,2,2
496,481,2,0
13177,13,1,0
16598,122,2,0
13912,23,1,1
11152,474,4,0
11616,13,4,0
10576,175,2,0
3748,962,1,0
13658,498,2,0
15082,488,2,0
3451,103,2,0
17677,384,2,0
13700,691,2,1
13294,588,1,0
8748,280,2,0
400,1017,1,1
3403,599,1,2
7311,1062,1,0
9966,906,2,0
1172,344,2,0
17703,943,1,1
272,497,2,0
7618,1054,2,0
15031,939,1,0
3275,139,2,1
7534,149,2,0
778,812,1,0
9492,643,1,1
14949,1091,1,0
12178,684,2,1
2300,445,4,0
6571,124,2,0
17389,17,1,1
16256,12,4,1
11168,498,4,0
13741,702,1,1
4058,767,1,1
9495,181,1,0
1695,899,1,0
13069,448,2,0
9437,350,2,1
17027,684,1,2
13516,494,2,0
7232,499,2,0
18325,962,1,2
9476,1024,1,0
12801,899,1,0
12752,499,2,0
10838,884,1,2
16291,821,1,0
17450,880,1,0
2259,244,2,0
9542,851,1,1
18419,600,2,2
7337,889,1,0
748,1017,1,0
8104,846,2,2
1299,737,2,0
8676,118,2,0
9898,102,2,0
2017,1038,1,1
12304,995,2,2
604,141,2,1
2966,653,1,0
3161,809,2,0
17525,1018,1,1
9500,465,2,0
15300,93,1,0
575,756,1,1
1707,505,2,0
5714,102,2,0
5116,499,2,0
4711,931,1,0
2125,603,1,1
9602,420,2,1
14024,314,2,0
5633,738,2,1
8296,834,2,0
14538,118,2,0
16204,1107,1,2
7669,709,2,0
10787,284,2,0
10238,467,2,0
18412,977,1,0
3717,810,1,2
10132,810,1,1
6521,603,1,0
10472,484,2,0
5666,228,2,0
15565,116,2,0
3210,899,1,0
16024,1014,1,1
10120,1082,1,1
18428,126,2,0
10923,406,2,1
17166,578,1,0
17004,601,2,0
13763,763,1,0
8227,734,1,1
5772,447,2,0
12575,471,2,0
498,734,1,2
4123,627,2,1
6971,977,5,0
6014,821,2,1
10544,242,2,0
4108,613,1,2
1537,266,2,0
17175,124,2,0
15638,461,2,0
12233,1024,1,0
13606,1019,2,0
6058,702,1,0
119,1052,2,1
18550,12,1,0
18095,470,2,0
3543,380,2,0
5449,106,4,0
7216,853,1,2
5246,347,4,0
4271,821,1,1
18377,240,2,1
2773,825,1,1
18287,360,1,0
9270,416,1,1
8307,173,2,1
8535,763,1,2
13632,1037,1,0
14940,1107,1,1
5037,976,2,1
9376,484,1,0
4986,16,2,0
4117,826,1,1
7241,288,4,0
11748,496,2,0
1020,480,2,0
17108,818,1,1
5218,496,2,0
11110,124,2,0
10527,878,1,0
678,363,2,0
17017,1019,2,2
2518,798,1,1
10911,211,4,0
8389,838,2,0
8811,803,4,0
5872,159,2,0
14672,691,1,0
15028,826,1,1
6894,78,1,1
17103,1052,1,0
11005,1008,1,0
7733,823,2,1
12690,1023,5,1
3406,484,2,0
1159,234,2,0
1047,373,2,0
10065,803,1,1
4333,899,1,0
4630,1008,2,0
11671,798,2,0
7446,795,2,0
12709,1106,1,0
10816,1007,1,0
14526,350,1,0
9631,600,2,2
3839,649,1,1
4740,1014,1,1
14746,509,2,0
16704,490,2,0
3349,125,2,0
8065,157,2,0
15869,1052,1,0
2918,362,1,0
16703,902,2,0
8419,1065,2,0
8473,816,1,1
18305,182,2,0
179,506,2,0
3667,1019,2,2
7391,466,2,0
14578,1046,1,1
17669,500,2,0
13094,1056,1,1
12707,9,1,0
14869,330,2,0
15615,1107,1,0
17919,264,1,1
6532,465,2,0
5860,395,2,1
2342,9,1,0
2396,9,2,0
17091,798,2,2
1882,846,1,1
8000,816,1,1
10181,172,1,1
2000,505,2,0
152,328,1,0
15851,627,2,0
18524,834,1,1
16037,704,1,1
14846,893,1,0
5157,644,1,0
16497,909,1,2
13045,691,2,0
450,242,2,0
13037,290,2,0
14082,962,2,2
17948,1042,2,2
15822,252,1,0
2381,962,2,1
10252,793,1,0
9996,821,1,2
13230,817,2,0
14843,188,1,0
12493,137,1,0
14758,1115,2,0
12308,1018,1,0
2993,195,2,1
17169,505,2,0
8638,961,1,0
4572,707,1,0
13860,1067,1,1
8514,1075,2,2
2269,814,1,0
17068,1052,2,0
14053,653,1,0
5603,846,2,0
5497,821,1,2
13553,9,1,0
10421,91,2,0
16174,925,1,0
1132,814,1,0
7006,653,2,0
3432,909,1,1
1171,696,1,1
14635,460,2,0
8554,659,1,1
16039,400,2,0
3192,931,1,0
10739,1061,2,1
11219,380,1,0
17873,135,2,1
17993,794,1,0
13596,73,1,1
10873,969,1,0
9144,262,2,1
17917,763,2,1
15248,7,1,1
3826,1107,1,0
17835,378,2,1
6321,1026,1,1
12139,155,2,0
6984,663,1,0
1226,891,1,0
11127,921,2,1
3174,157,2,0
13040,742,2,0
1805,118,2,0
2903,1086,2,2
10750,600,2,2
11732,218,2,1
11635,255,2,0
3769,1115,1,0
334,627,2,0
9079,814,1,0
16427,480,2,0
4816,906,1,1
4211,19,1,1
2292,773,1,0
4962,122,2,0
17606,925,1,0
6744,1042,2,1
6657,122,2,0
2724,1092,1,0
7385,1017,1,2
15355,27,5,1
15705,242,2,0
17573,1042,1,2
338,847,4,1
16821,242,2,0
13259,244,2,0
120,462,1,0
8074,471,2,0
13171,818,1,1
17229,871,1,0
15252,810,1,0
10229,839,4,0
11582,424,2,1
14922,230,1,0
17599,794,1,1
12524,721,1,0
13984,684,2,1
11499,894,1,0
14731,744,1,1
3104,704,1,0
4634,157,2,0
3257,523,2,0
11411,936,1,1
7861,1048,1,0
4308,914,1,0
1457,127,2,0
11435,723,1,1
7685,494,2,0
13986,891,1,0
9089,122,2,0
17426,488,2,0
5495,478,2,0
2354,686,1,0
9581,155,2,0
12393,691,2,1
1495,734,1,0
1530,1052,2,0
7794,918,1,1
17672,798,2,0
17077,627,2,1
3248,130,1,0
5887,672,1,0
5255,599,2,0
4876,891,2,0
2925,755,1,1
6800,769,1,2
2375,1069,1,1
12402,579,2,0
13544,476,2,0
364,148,2,0
11845,845,1,2
8351,707,2,0
284,797,1,0
2956,657,1,0
6289,976,2,0
8918,32,1,0
12473,1019,2,2
4314,549,1,0
4598,1100,1,2
12944,1010,2,0
10272,1075,2,0
6689,102,2,0
6116,353,1,1
17973,794,1,0
17041,1,1,1
11119,1008,2,1
10897,895,1,2
11661,707,2,0
13443,1049,2,0
5895,95,2,0
9488,823,1,0
13,418,2,0
14355,836,1,0
2607,638,1,0
5509,837,1,0
5985,300,2,0
5818,839,1,1
11919,783,1,0
11051,984,1,1
8034,573,1,1
14319,410,2,0
14284,147,4,0
18050,1008,2,1
9358,124,2,0
9078,1042,2,2
8409,497,2,0
4139,469,2,0
7980,845,2,1
13713,350,2,1
7606,1090,1,1
9726,459,2,0
9824,615,1,0
9645,314,2,0
10464,793,1,0
7660,938,2,0
1996,808,1,0
11557,742,4,1
6169,655,1,0
13495,881,1,1
4863,613,1,0
6350,255,1,1
7263,286,4,0
10593,102,2,0
16214,474,2,0
1671,738,2,0
6106,497,2,0
14737,798,2,2
13254,919,1,1
12743,734,1,0
9866,496,2,0
8816,962,2,0
12568,110,4,0
3340,344,4,0
14095,382,2,0
10882,704,2,1
15185,470,2,0
13594,128,2,0
8654,684,2,1
12478,102,2,1
6317,600,2,1
16170,465,2,0
1401,989,1,1
5614,737,2,1
4052,885,2,2
18380,484,4,0
18191,834,2,2
17776,557,1,0
17625,976,2,0
14989,469,2,0
9808,1100,1,2
11698,744,1,0
8390,998,1,1
17836,255,2,1
1625,788,4,0
10841,1053,1,1
1258,757,1,1
15242,181,2,0
18254,468,2,0
11477,496,2,0
2141,957,1,1
17110,856,1,1
18115,641,1,2
306,895,1,1
7882,823,1,0
2057,126,2,0
3299,381,1,0
13128,268,4,0
15439,810,1,2
1310,836,1,0
929,476,2,0
4750,1107,1,2
15558,618,4,0
12107,690,1,0
15547,794,1,0
430,1100,1,1
12605,149,2,0
943,252,4,0
17288,116,2,0
13955,1008,1,0
9327,498,2,0
16352,798,2,2
5997,760,4,0
11401,388,1,1
9616,257,2,0
2997,995,1,2
3386,989,1,1
16124,122,2,0
15034,181,1,0
9214,128,2,1
16314,1052,1,1
14321,500,2,0
13901,830,1,0
1214,270,2,1
12095,471,2,0
6463,149,2,1
7157,476,2,0
17283,995,1,1
2015,944,4,0
2807,451,1,0
8618,450,2,0
5444,1086,2,0
15211,735,2,0
4657,600,2,1
788,481,1,1
13112,976,1,0
2940,666,1,0
9936,260,1,1
8663,957,2,0
9163,710,1,0
18409,810,1,2
2571,892,1,0
4274,962,2,2
17470,1008,2,1
12372,493,2,0
2144,204,2,0
9664,1,2,1
18537,149,4,0
6414,1050,1,0
17153,488,2,0
12722,95,4,0
14705,812,1,0
16748,471,1,0
12407,899,1,1
8489,583,1,0
5312,242,2,0
6583,504,2,0
2963,962,2,2
3160,318,2,1
13220,89,2,1
6020,1052,1,1
2431,961,1,0
15988,1107,1,0
7564,303,2,1
13028,478,2,0
9882,506,2,0
12494,469,2,0
18443,1107,1,1
9226,322,2,1
8137,459,2,0
16504,496,2,0
11620,1061,2,0
6051,1107,1,1
4090,309,1,0
13205,845,1,2
12317,244,2,0
2305,79,1,1
9912,124,2,0
15791,1099,1,0
9146,896,1,0
6962,437,1,1
515,518,2,0
4624,601,1,1
13307,1094,1,1
13533,891,1,0
11483,1112,1,0
17656,500,2,0
16188,282,2,0
4800,957,2,0
7850,1121,1,1
8696,760,2,0
651,445,2,0
14352,380,2,0
3755,1037,1,0
3690,330,1,1
12625,826,1,0
7834,938,2,0
8841,826,4,1
7851,1008,2,2
4004,292,2,1
5669,390,2,1
12198,1052,1,0
17078,12,1,0
15010,600,2,0
4849,476,2,0
6783,474,2,0
6237,477,2,0
18195,809,1,0
11250,323,2,0
9022,1111,1,0
2879,313,1,0
10016,756,1,0
18139,1072,1,2
4345,179,2,0
6577,760,1,1
4169,704,2,1
2066,495,2,0
15064,473,2,0
3517,519,2,0
2460,445,2,0
9539,520,2,0
15996,16,1,1
2123,989,1,1
15017,1042,2,2
9183,286,2,1
8838,1051,1,1
558,1092,1,1
8597,405,1,1
9929,504,2,0
5296,484,2,0
9425,763,2,2
4717,778,2,1
6344,1055,2,0
5114,1061,2,0
16605,702,2,0
14975,646,1,1
7556,470,1,0
16789,932,1,0
9537,921,2,0
14260,445,2,0
9524,646,1,0
17429,155,2,0
10723,286,1,1
1876,891,2,0
16734,298,2,0
680,373,2,0
10818,763,2,0
15215,442,2,1
9122,373,2,0
10177,600,2,2
5546,270,4,0
11237,1052,2,1
3379,1107,1,2
13031,435,2,1
15741,149,2,0
12922,496,2,0
12647,426,4,0
3469,292,2,0
2287,697,2,0
7441,292,2,0
10020,604,4,0
6380,126,2,0
5794,126,2,1
16910,124,2,0
10533,163,2,0
3122,653,1,0
14158,902,1,0
8950,1033,1,1
6884,477,2,0
2884,877,1,0
4811,497,2,0
2525,469,1,0
10574,600,2,1
14872,978,2,1
13590,1052,1,1
10760,95,2,0
6999,491,2,0
12504,802,1,1
17454,793,1,0
11284,707,2,0
4548,814,2,0
9345,931,1,0
4259,124,2,0
10630,147,2,0
11497,1075,2,1
2626,1112,1,0
1503,477,2,0
1257,1045,1,0
1759,769,1,0
2281,1097,2,1
13682,124,2,0
9794,760,1,1
3720,244,2,0
9573,1086,2,0
7221,489,2,0
9756,498,2,0
16300,527,2,0
3153,798,2,2
13611,763,2,2
3889,373,2,0
7018,159,2,0
6882,122,2,0
10364,1050,2,0
2786,957,4,0
11754,1100,1,2
449,707,1,0
2642,957,1,0
1054,1084,1,1
12446,618,1,1
17910,941,1,0
10448,704,1,2
18404,466,2,0
11496,74,1,1
397,737,1,1
8810,242,2,1
9973,485,4,0
2730,498,2,0
14067,933,1,0
18217,566,2,0
9045,810,1,2
11962,405,4,0
3544,798,2,1
11624,906,1,0
5171,521,2,0
14769,292,2,1
4096,544,1,0
15551,812,4,0
980,135,2,0
11947,159,1,0
7201,1090,2,2
1856,783,1,0
7206,124,2,0
5472,821,1,0
4372,857,1,1
4906,998,1,1
5958,122,2,0
6491,734,1,2
17493,909,1,0
11024,131,4,0
8213,726,1,1
6843,497,2,0
11712,104,2,1
4297,270,2,0
13841,103,2,0
10396,506,2,0
8984,976,2,2
5569,834,2,2
17234,259,2,0
946,114,1,0
13053,460,2,0
10357,501,2,0
3595,528,2,0
12968,124,2,0
11125,478,2,0
14568,684,1,2
5423,810,2,2
8023,731,1,0
12584,471,2,0
7619,851,2,0
17180,466,2,0
4424,500,1,0
9273,244,2,0
10662,91,2,0
11797,794,1,0
3692,1019,2,2
1565,39,1,1
6326,984,1,0
17356,136,2,0
16969,255,4,0
7480,684,2,0
12434,579,1,0
6201,906,2,0
15265,1097,1,1
7493,691,2,1
2406,810,1,2
3468,135,2,1
2370,124,2,0
9862,234,2,1
15893,309,1,0
6192,30,1,1
10903,479,2,0
9511,687,1,0
7743,163,1,0
17524,210,2,0
1842,744,2,1
10758,737,2,1
17133,803,1,0
9073,213,4,0
7736,756,1,1
7422,445,2,0
14015,274,2,1
11278,133,2,0
7511,122,2,0
4348,1107,1,0
15576,118,2,0
9031,1049,1,0
9498,280,1,1
9885,1031,1,1
12765,756,1,0
5650,808,1,0
988,945,1,0
17028,9,1,0
14867,1111,1,1
15499,995,1,1
6854,890,1,0
14760,808,1,0
1194,726,1,1
223,1107,1,0
17818,496,2,0
4880,471,2,0
16738,579,1,0
15315,481,2,0
8495,1086,2,0
8442,406,2,1
7352,478,2,0
5209,141,2,0
8997,857,1,1
9150,687,1,0
6589,763,1,2
3741,991,1,2
4464,999,1,0
6946,745,2,0
15100,802,1,1
8369,672,1,1
10756,653,2,0
4276,1094,1,0
4309,1008,2,0
9008,1042,2,0
9647,1030,4,0
14958,473,4,0
14390,876,1,1
13382,1020,1,2
3004,768,2,0
16040,779,2,1
14970,395,1,2
4673,794,1,0
15589,495,2,0
5265,663,1,0
10202,700,1,1
15456,684,1,2
16376,684,1,0
18150,810,1,0
3904,845,2,1
4825,300,2,0
2405,1063,1,0
5573,823,2,1
11877,466,2,0
10860,475,2,0
13732,1066,2,0
3647,155,2,0
869,282,4,0
4288,1070,1,0
15401,133,2,0
766,181,2,0
3548,131,2,1
13414,763,1,0
7585,1008,2,1
5448,529,4,0
6018,830,1,0
13331,896,1,0
18451,1107,1,0
13371,763,2,2
18029,798,2,1
2274,1034,1,0
13399,814,1,0
8862,527,2,0
12005,850,1,1
11527,763,1,2
3674,1050,1,2
11197,480,2,0
2824,793,1,0
7369,778,2,1
4865,116,2,0
12596,218,4,0
5828,732,1,0
11472,821,1,0
3480,133,2,0
199,126,2,0
9737,130,2,1
18484,535,5,1
17627,1018,1,0
1421,653,1,2
9302,485,2,0
9925,8,2,0
11766,1008,1,0
5742,704,2,0
1337,128,2,0
9475,314,1,0
15199,885,1,0
13178,7,1,0
10518,1034,1,0
6688,1086,2,1
18399,1014,1,2
8253,157,2,0
3782,619,1,1
11746,984,1,1
17498,810,2,1
16581,467,2,0
3228,806,4,0
2736,371,2,0
7210,699,1,0
15712,485,2,0
1379,1095,1,0
3234,1031,1,1
5359,995,1,2
9217,814,1,0
184,995,1,1
11419,734,2,0
5866,1052,2,1
8830,471,2,0
5871,1086,1,1
16673,976,2,0
16557,793,2,0
11096,17,4,0
11348,702,2,1
13468,497,2,0
12897,246,2,0
14516,899,1,1
8072,798,2,1
4013,36,1,0
11823,244,2,0
1771,864,1,2
4781,221,4,0
4785,266,2,1
11245,673,1,0
5266,122,2,0
13977,508,2,0
10996,778,1,2
1814,894,1,0
9250,1046,1,1
14023,448,2,0
4966,488,2,0
9932,425,4,0
5207,627,2,1
14985,851,1,1
8049,465,2,0
238,810,2,0
2823,299,2,0
12289,122,2,0
16890,128,2,0
15445,1048,1,0
11907,515,2,0
1740,476,2,0
3727,734,1,2
6341,938,2,1
10445,1007,1,0
4180,324,2,0
5014,353,2,0
4116,244,2,0
9453,149,2,0
17937,878,1,0
16616,122,2,0
12564,996,1,1
16426,1052,2,2
11534,921,1,1
13427,440,1,0
8593,242,2,0
7804,1078,1,0
12029,742,1,0
11340,497,4,0
14863,243,2,0
14441,744,1,1
12714,964,1,1
8968,228,2,0
4941,1014,2,1
1572,208,2,0
3974,103,2,0
11772,810,1,2
14391,690,1,0
1988,825,2,1
14618,896,1,0
12241,425,2,1
9402,609,2,1
6185,1099,1,0
6127,483,1,0
16178,584,1,0
18161,696,2,0
7424,521,2,0
11105,600,2,0
5641,684,1,2
10411,744,1,1
413,944,1,1
3215,821,2,0
17267,532,1,0
6099,446,2,0
1534,399,2,0
13631,734,1,0
10361,300,1,0
13959,604,1,0
408,232,1,0
17375,520,2,0
10994,619,1,0
3454,1044,1,0
9875,518,2,0
17538,1107,1,2
1501,322,2,1
5521,145,2,0
16305,944,1,0
13935,945,1,0
1570,990,1,1
11157,735,2,0
17783,527,2,0
16121,805,1,0
1218,496,2,0
15598,653,1,0
2653,100,4,0
13267,704,2,0
11853,704,2,1
17182,460,2,1
5874,1055,1,0
3136,821,1,2
7435,1100,1,2
9775,285,2,0
10624,442,1,0
12942,479,2,0
7099,57,1,0
17010,474,2,0
10182,741,1,0
15986,1086,2,2
18373,706,1,1
10833,184,2,1
9367,378,2,0
1714,518,2,0
6675,896,2,0
17531,181,2,0
4167,943,4,0
8625,714,1,1
5665,707,2,0
17300,322,2,0
12941,599,2,2
4200,684,1,1
1858,1050,1,1
13276,369,2,0
15835,902,4,0
16118,91,2,0
1357,414,2,1
16912,932,1,0
17812,1006,2,0
16844,124,2,0
10074,211,1,1
15238,373,2,0
6732,1089,1,0
18298,976,1,0
9837,823,1,1
12159,692,1,1
11924,270,2,0
11926,737,1,0
8295,314,1,0
18108,392,1,0
17151,814,2,0
5168,834,1,0
104,821,1,2
9246,506,2,0
17642,367,2,1
16756,744,1,0
5113,899,1,0
3859,159,1,1
13947,641,1,2
6206,118,2,0
9385,252,2,1
6084,320,2,1
3047,477,2,0
4363,507,2,0
5476,1019,2,2
15915,821,1,0
2859,130,1,1
2055,1056,1,0
13235,696,2,0
12475,155,2,0
10430,468,2,0
8875,1033,1,1
2684,484,2,0
11963,1098,1,0
10382,474,2,0
17934,599,2,0
780,228,2,1
11640,471,1,0
10805,509,4,0
7211,798,2,0
1451,891,1,0
13295,831,1,1
302,91,2,1
3118,707,1,0
9727,102,2,0
4523,246,2,0
8122,1024,1,0
8469,122,2,0
1324,609,2,0
17127,519,2,0
14043,484,2,0
991,946,1,0
16269,175,2,0
1418,1099,1,1
2308,885,2,2
12969,976,1,1
2177,1107,1,1
13908,823,1,0
5658,834,2,2
7243,485,2,0
9637,990,1,0
9654,995,2,2
16396,742,2,0
1620,976,2,1
14588,742,2,0
6534,672,1,0
5837,816,2,0
12414,141,2,1
17171,242,2,0
7319,1031,1,1
16131,893,1,0
11964,638,1,2
10577,149,2,0
18507,429,4,0
16841,477,2,0
4631,497,2,0
6839,763,2,1
16370,950,1,1
11697,118,2,0
1718,1008,2,1
3793,955,1,0
9400,126,2,0
18055,821,1,0
4835,508,2,0
11293,793,2,0
12272,298,2,1
10137,1019,1,1
16888,258,4,0
11260,834,2,2
13462,495,2,0
14947,242,2,0
5679,707,2,0
16537,467,2,0
17203,282,4,0
15924,613,1,0
4177,821,1,2
9636,123,2,0
4249,1026,1,0
2444,508,2,0
17338,1061,2,2
6742,899,2,0
12283,944,1,1
18270,644,1,1
16201,809,1,0
373,834,2,2
159,600,2,2
16360,476,2,0
12221,159,2,0
3054,1050,1,0
10962,73,1,1
11775,845,1,2
9070,584,1,0
13559,644,1,0
11210,658,1,0
3057,466,2,0
4437,122,2,0
3445,352,1,1
1674,1050,4,1
17313,344,2,0
5894,878,4,0
7989,584,1,0
8119,613,1,2
6561,976,2,2
1902,1113,1,1
1936,298,2,0
16495,849,2,0
6362,942,2,1
9187,505,2,0
10346,326,2,1
1438,37,1,1
13517,157,2,0
10961,1096,1,0
18048,239,1,1
7396,149,2,0
7123,1052,2,2
12199,931,1,0
9641,294,2,1
2756,1053,1,1
10830,496,1,0
2306,485,2,0
4044,826,1,0
2592,834,2,2
5478,810,1,0
18063,496,2,0
9803,124,2,0
11653,1018,1,0
7672,501,2,0
4503,783,2,0
18530,756,1,0
2980,839,2,0
17273,789,1,1
11786,478,2,0
1742,507,2,0
549,495,2,0
18204,184,2,1
7464,268,2,1
18168,120,2,1
12370,602,2,0
4836,895,1,2
14079,130,2,1
14353,763,2,0
10110,1008,2,2
7373,921,2,1
6995,734,1,2
16995,509,2,0
6546,467,2,0
17965,881,1,0
9109,618,4,1
17989,409,2,0
6514,786,1,1
3636,242,2,0
6459,765,1,0
1547,91,2,0
8777,133,2,0
9969,484,2,0
14280,794,1,0
5880,1044,1,0
13866,145,2,0
17443,1086,2,2
14217,1052,1,0
15217,468,2,0
14239,810,1,0
2312,592,1,1
11205,899,2,1
4032,1044,1,0
16916,1107,1,2
2768,67,1,0
2615,798,2,2
9838,471,2,0
5213,465,2,0
8719,252,2,0
14892,522,2,0
10220,462,1,0
14764,797,1,2
14936,496,2,0
5343,457,2,0
6398,165,4,0
4904,560,1,2
989,38,4,1
10374,744,2,0
10636,808,2,0
17213,653,1,1
7578,914,2,0
13756,810,1,2
2424,1072,2,0
5147,962,2,1
447,446,1,0
8569,127,2,0
11145,995,1,2
6373,475,2,0
8095,162,4,0
7287,836,1,0
17842,891,4,0
9962,1042,2,0
4132,479,2,0
16189,9,1,0
15334,460,2,0
12759,380,2,0
11795,798,2,0
5274,163,2,1
1523,742,2,0
14827,763,2,1
4754,883,1,0
10580,1060,2,0
9944,1026,1,1
14044,962,2,1
5138,790,1,1
11759,507,2,0
391,149,2,0
9964,389,2,0
18400,432,1,1
3320,313,2,0
15626,1017,1,1
11189,1019,1,2
12712,418,4,0
13189,687,1,0
14439,1019,1,2
8735,903,1,0
4839,342,2,1
292,242,2,0
16661,453,1,0
8008,325,1,0
14075,489,2,0
13504,600,2,0
5135,745,1,1
16906,653,2,2
10294,600,2,2
10353,481,2,0
10032,311,4,1
13572,283,2,0
17410,1051,1,2
7368,976,2,0
15287,1015,2,0
856,330,2,1
16637,473,2,0
9949,282,2,1
14728,893,1,0
2952,522,2,0
734,313,2,0
2001,478,2,0
740,91,2,1
16355,145,2,1
15686,742,1,1
8786,983,1,0
15122,1049,1,1
1798,154,2,1
6164,1113,1,0
6833,760,1,0
17555,16,1,1
8802,646,1,1
12219,809,1,0
11608,826,1,1
11842,760,4,0
14837,846,2,1
1184,851,1,0
12321,242,2,0
15899,684,1,0
15474,152,2,1
13490,1008,2,0
2268,1067,1,1
17663,559,1,2
13278,834,2,0
5288,740,1,0
14993,921,2,2
8316,102,2,0
17976,157,2,0
13506,1038,1,0
9249,802,1,0
2392,734,1,0
2439,661,4,0
9196,984,1,2
1907,957,1,0
16077,821,1,1
6024,181,1,0
16378,830,1,0
14805,124,2,0
1566,1018,1,0
3395,496,2,0
9643,744,1,0
15766,684,2,0
6129,1044,1,0
16200,912,1,1
11329,680,1,0
6818,1026,1,1
6293,226,1,0
9650,120,2,1
7224,501,4,0
8803,506,2,0
569,151,2,0
8626,465,2,0
3560,466,2,0
4929,691,2,1
10071,143,2,0
8613,469,2,0
6357,808,1,0
4237,135,2,0
2498,963,1,0
12663,240,2,1
10221,826,1,0
684,704,1,2
18134,248,1,0
4967,9,1,0
4480,734,1,1
9850,337,4,0
885,497,2,0
16607,268,2,0
17809,479,2,0
8572,613,1,0
2064,459,2,0
4275,8,1,0
8682,1054,1,0
4715,1116,1,0
15905,353,2,1
17779,891,1,0
4077,255,2,0
4886,684,1,1
3851,704,1,2
8765,1033,1,1
17995,705,1,0
11826,1010,1,0
321,921,2,1
379,742,1,0
12468,165,2,0
2388,744,1,2
1470,657,1,1
4819,1107,1,2
9132,914,4,0
12959,962,2,2
12652,932,2,0
6585,866,1,2
8908,1063,1,0
18466,603,1,0
9483,1063,1,1
15562,133,2,0
16667,228,2,0
6772,33,4,0
5836,555,1,2
16155,603,4,0
2192,240,2,0
5347,889,1,0
10458,638,1,2
16733,1069,1,0
15420,810,2,2
1399,821,1,2
13004,821,1,0
3343,126,2,0
13981,228,4,0
12539,695,1,0
8717,170,2,0
15108,15,2,0
15178,507,2,0
4085,798,1,1
10839,696,2,0
3431,102,2,1
2793,1037,1,0
11936,445,2,0
18099,757,1,0
1143,878,2,0
4209,1086,2,2
9787,1014,1,1
5709,736,1,0
11925,830,1,0
12127,38,5,0
2251,330,4,0
11407,471,2,0
3417,584,1,0
10171,1050,1,1
8759,1018,2,0
9221,653,2,1
2722,803,1,1
8215,892,2,0
18075,856,1,1
3388,147,2,0
2304,292,2,0
10437,540,1,2
10203,241,2,0
15914,155,2,0
16000,334,2,0
6994,1046,2,0
18300,244,2,0
18426,155,2,0
16143,834,2,0
9888,826,1,1
6166,1046,1,1
6351,1109,2,0
16766,816,4,1
6283,638,1,2
17421,845,2,1
2606,641,1,0
18036,7,1,0
4273,600,2,1
11827,126,1,0
6842,430,2,0
6355,759,1,0
5456,995,1,1
5632,921,2,0
2320,715,1,0
10008,172,2,0
4035,710,2,1
17576,808,1,0
12319,509,2,0
13390,976,1,2
4397,516,2,0
13216,948,1,1
18098,613,1,0
5876,506,2,0
13647,599,2,1
16952,242,2,0
4299,944,1,0
10031,311,1,1
1568,763,2,0
11310,328,2,0
17601,1097,1,1
16902,763,1,0
14479,957,1,0
13232,856,2,1
6897,1051,1,2
5562,995,1,2
9393,242,2,0
5314,169,2,0
6023,714,2,1
18253,1019,2,1
5028,962,2,1
18415,159,2,1
5367,1106,2,0
13269,1107,2,2
8025,126,2,0
15047,937,1,2
16669,600,1,2
16073,441,2,0
12844,1097,1,0
14601,19,2,0
14434,754,1,0
18474,821,2,0
13042,919,2,0
17988,451,2,0
17194,942,1,0
3998,159,2,0
5457,1075,2,2
9199,653,2,0
10050,989,1,1
15830,1086,2,2
17739,328,2,1
3943,821,2,1
13144,763,2,1
9804,684,2,2
14357,122,2,0
17928,252,1,1
1991,354,2,1
17371,745,1,1
16054,864,1,2
12856,931,2,0
1274,410,2,1
5329,421,1,1
9506,240,2,0
16812,942,1,0
3507,808,1,0
10545,613,1,1
2298,684,2,1
2783,470,2,0
1548,1107,2,2
18226,408,2,0
4231,834,2,1
6837,102,2,0
15360,687,1,0
17009,662,1,0
16451,893,1,0
18319,505,2,0
13815,734,1,2
2340,976,2,2
4319,1099,1,0
11025,890,2,0
6805,420,2,1
11172,380,2,0
7020,644,1,2
16939,560,1,1
18542,495,2,0
2854,1011,5,1
14501,511,4,0
13581,181,2,1
13007,72,1,0
698,821,1,0
14608,451,2,0
7675,184,2,1
10293,1018,1,0
3615,984,1,2
18370,967,1,0
2713,919,1,0
6220,600,2,2
17211,231,2,0
8292,198,1,1
3506,400,4,0
11304,7,2,0
15325,813,1,1
4675,653,1,2
13844,697,1,0
3409,1056,1,1
10340,976,2,0
16922,122,2,0
14299,124,2,0
13044,17,1,1
4743,119,2,0
3642,276,4,0
2433,294,4,0
17032,1089,1,1
2839,962,1,0
3807,1058,1,0
12662,707,2,0
10158,13,4,1
3444,292,4,0
2565,897,1,1
6859,932,1,0
6305,684,1,0
8774,100,4,0
2926,1100,1,2
15249,805,1,0
5663,661,2,1
3530,758,1,1
1134,16,1,2
239,881,1,1
15089,995,2,2
10141,648,1,0
4186,814,1,0
1235,1,1,1
17721,609,2,0
7194,794,1,0
13168,707,1,0
4328,823,1,1
9923,74,2,0
12394,839,1,1
5873,135,2,0
4287,638,1,1
13013,242,2,0
16112,504,2,0
8092,255,4,0
3420,1024,1,0
17821,648,1,1
15102,1008,2,2
7755,478,2,0
17059,845,2,2
15989,878,1,0
8258,300,2,0
11315,147,2,0
11710,491,1,0
1070,805,1,0
6607,1061,2,1
9867,851,1,0
17183,1099,1,0
6569,696,2,0
4693,836,1,0
2876,589,1,1
9107,393,2,0
5618,488,2,0
1415,1107,1,1
8132,1035,2,1
6838,102,2,0
17430,419,1,1
3142,744,1,0
8974,463,2,0
5254,1008,1,0
15585,122,2,0
1712,443,2,1
10737,244,2,0
796,976,1,2
7930,126,2,0
10299,257,1,0
15284,1052,1,2
13182,463,4,0
3594,1026,2,1
9424,124,2,0
11317,875,1,1
16363,756,1,1
299,445,2,0
1684,1091,1,0
9848,1019,2,0
15729,864,1,1
3308,1025,1,1
7501,909,1,1
11761,476,2,0
16081,477,2,0
7648,495,2,0
11693,124,2,0
11047,298,2,0
17960,894,1,2
13666,504,2,0
5849,311,2,1
1142,126,2,0
2092,117,2,0
1015,1088,2,0
1704,1018,1,1
14979,896,1,0
10479,1116,1,0
1222,734,1,2
10619,301,2,0
6318,818,1,1
16831,266,2,0
8273,830,1,1
866,785,4,1
17287,124,4,0
7654,1049,1,1
348,962,1,1
17174,518,2,0
10173,891,1,0
12103,716,1,0
16824,734,1,1
10500,891,1,0
1423,891,2,0
11003,126,2,0
1162,122,2,0
6120,288,1,0
13339,493,1,0
17730,103,2,0
16311,896,1,1
1852,794,1,0
15694,506,2,0
381,617,1,1
17879,763,2,2
6287,1082,1,0
16901,763,2,0
13018,613,1,2
5956,400,2,1
17360,1108,2,0
13438,1008,1,0
5853,1031,4,0
9470,1118,1,1
7897,795,2,0
14906,760,4,0
2727,244,2,0
15426,825,1,1
6541,1093,2,1
16590,1112,2,0
8431,846,1,0
15232,177,1,1
747,113,2,0
4725,810,1,2
13165,495,2,0
9021,240,2,0
5326,642,1,2
1282,957,2,0
1504,124,2,0
7291,957,4,0
17476,882,1,0
15344,173,2,1
9894,906,2,2
13154,1008,1,0
7836,181,2,0
5539,496,2,0
8146,836,2,0
5507,1052,2,1
10854,97,2,1
5040,149,2,0
2285,738,1,0
601,543,1,0
13507,155,2,0
8483,758,1,0
16450,619,1,2
7528,471,2,0
14365,177,1,0
7518,619,1,0
17102,779,2,2
12694,1107,1,2
3270,79,1,1
8864,845,1,0
12828,1009,1,0
12650,100,4,0
5587,1119,1,0
11322,983,1,1
11436,1126,1,0
7974,373,2,0
3885,976,2,1
17482,1107,1,2
6122,144,1,0
8835,808,2,0
1097,491,2,0
1380,1015,1,1
9090,602,2,0
11453,989,1,1
14707,500,4,0
17898,962,2,0
2945,812,1,0
12281,500,2,0
17715,983,4,0
12831,638,1,2
14060,1065,4,0
18336,962,2,2
17173,902,1,1
2680,662,1,0
18008,1055,2,0
4938,938,2,0
5353,734,1,2
15332,451,2,0
1543,798,2,1
15728,691,2,1
8938,814,2,0
15912,648,1,1
12686,814,1,0
17977,404,1,1
4758,1037,1,1
9172,874,1,0
15720,1097,1,1
4535,1008,2,0
7140,989,1,1
17936,744,1,1
8044,91,2,0
9104,735,1,0
16804,469,2,0
17955,610,1,2
16199,600,2,1
5692,674,1,2
10044,829,1,0
6504,248,2,1
6647,550,5,0
10956,102,2,0
17065,609,2,0
7842,825,1,1
17344,794,1,0
17535,734,1,2
17943,475,2,0
12257,172,2,1
15343,1008,2,2
17944,891,2,0
15239,7,1,0
16718,704,2,0
13289,91,2,0
13933,270,2,0
2524,821,1,2
1638,522,2,0
4381,644,1,2
67,821,1,0
4266,661,1,1
9699,466,2,0
16297,846,2,2
392,810,2,0
18365,240,2,0
16586,1,1,0
18035,557,1,0
11369,838,2,0
14324,883,1,0
14730,687,1,2
1754,423,1,1
15188,767,1,0
4640,1008,2,2
18184,823,2,0
3553,1052,2,1
12898,365,4,0
1997,1100,1,2
11847,772,1,0
14466,684,2,1
17927,504,2,0
5321,95,2,0
17814,878,1,0
4438,417,1,1
6935,812,1,0
14816,769,2,0
10015,714,1,1
2155,155,2,0
6822,9,2,0
10759,994,2,0
9627,531,1,2
5752,7,1,0
12939,1019,2,1
15293,133,1,1
14092,17,2,1
10553,846,2,2
3501,821,1,1
8620,810,1,2
9139,467,2,0
1878,884,1,0
13330,1014,1,0
10966,661,4,0
3398,737,1,1
12048,690,1,1
9182,380,2,0
9235,944,1,1
905,1107,1,1
6218,1030,2,1
492,692,2,0
6386,1096,1,0
12409,149,2,0
3043,1025,1,0
2906,1,2,0
14626,856,2,1
6036,1105,2,0
10510,518,2,0
12140,91,2,0
16948,47,3,0
11547,734,1,2
9776,808,1,0
1680,821,1,1
17365,895,1,2
5191,684,1,0
11742,613,1,2
13078,1019,2,2
11788,886,1,0
5021,972,1,1
8502,245,2,0
8944,760,1,0
16977,501,2,0
6477,282,2,0
9301,600,2,2
1472,479,2,0
1383,17,1,1
10789,135,2,0
9954,128,2,0
6682,600,1,1
11548,519,1,0
13193,266,2,0
13215,942,1,1
11500,932,2,0
17536,505,2,0
1283,380,2,0
7910,1042,2,2
2688,978,1,1
15320,242,2,0
14942,894,1,0
4352,226,1,0
6012,831,1,1
1321,533,1,0
10573,1117,1,0
13192,810,2,1
14607,520,2,0
18209,242,2,0
371,332,1,0
14163,479,2,0
158,533,5,0
11721,455,2,0
6310,1112,1,0
12398,976,2,0
15931,494,2,0
12390,885,1,0
11711,394,2,1
13280,481,2,0
6365,645,1,0
10040,226,2,1
11570,892,1,1
1509,126,2,0
9508,488,2,0
16190,126,2,0
9750,478,1,0
88,494,2,0
11574,443,4,0
12698,704,2,1
6918,382,2,1
8985,841,1,1
9347,684,2,1
2670,976,2,1
14194,919,1,1
18295,984,2,0
1616,541,1,2
2808,155,2,0
2240,10,1,0
11950,484,2,0
13334,1099,1,0
10084,957,1,0
14718,826,1,1
10425,51,1,0
5053,116,4,0
6820,489,2,0
4031,34,1,0
13453,1009,1,0
12131,1084,1,2
17157,470,2,0
18508,709,1,0
11027,1111,4,0
3259,92,2,0
5523,637,1,0
18291,600,2,0
8180,171,1,0
1117,17,2,0
7609,468,2,0
3652,536,1,1
9753,794,1,0
18071,976,2,0
8261,1093,1,2
1694,1088,1,1
13058,346,4,0
7486,82,2,1
16868,380,2,0
4879,1100,1,2
9222,202,2,0
7987,116,2,1
8665,984,1,1
8103,450,2,0
4975,806,1,0
7614,380,2,0
18473,1106,1,0
15345,478,2,0
1028,332,1,1
8933,922,1,1
8713,497,2,0
1148,419,1,1
300,691,2,1
13956,921,2,0
14701,653,1,1
12997,1067,1,1
2364,118,2,0
3970,122,2,0
15953,471,2,0
5657,734,1,2
15223,451,2,0
8537,842,1,0
17088,430,2,1
320,1100,1,2
7764,691,2,0
12655,471,2,0
9162,1054,1,1
4608,102,4,0
2977,13,1,2
129,726,1,0
4935,821,2,1
8382,189,2,0
6797,313,2,0
15800,1026,2,0
2187,738,2,1
9193,175,4,0
16498,1100,1,2
6096,474,2,0
13480,1011,1,1
5340,1026,1,2
10906,537,1,1
2041,759,1,0
15691,477,2,0
15307,242,2,0
17695,799,1,1
11688,468,2,0
14136,466,2,0
10198,253,2,0
3459,846,2,2
11261,541,1,1
2170,931,2,2
1921,508,2,0
142,734,1,2
15204,1100,1,2
13825,845,2,2
17184,839,2,0
10088,228,2,1
16531,344,2,0
1449,242,1,0
9534,146,2,0
17042,478,2,0
3179,469,2,0
7972,734,1,0
18049,1093,1,1
15717,270,2,0
1528,646,1,2
2205,1076,2,0
6993,500,2,0
8312,875,1,0
16046,471,2,0
3277,459,2,0
4083,704,1,0
8199,845,2,2
9451,469,2,0
15599,609,1,0
317,236,1,0
2732,599,1,0
2410,50,1,0
7035,821,1,2
14361,704,1,2
8178,995,2,1
1165,509,2,0
13206,967,1,2
13837,102,2,0
16764,618,1,0
7393,311,4,0
6705,73,1,0
9213,213,2,1
8064,845,2,0
4577,667,1,2
11632,382,2,0
345,895,1,1
9666,921,2,1
8378,1008,1,0
16434,497,2,0
17337,471,2,0
15780,887,1,0
53,242,1,0
10773,518,2,0
1948,443,2,0
13017,746,1,0
2319,272,1,0
15539,1026,2,0
630,344,2,0
6710,959,2,0
15760,1092,1,1
2567,906,1,2
16761,153,1,0
10135,476,2,0
5358,1111,1,1
4555,600,2,2
15839,522,2,0
17664,944,1,1
12682,794,1,0
2696,798,2,1
16638,977,1,1
7891,481,2,0
18257,367,2,1
6902,1019,2,2
11135,126,2,0
10820,646,1,1
15857,1086,2,0
5708,380,1,0
15939,237,2,0
5396,126,2,0
4307,707,2,0
17025,78,2,1
16025,955,1,0
9546,1055,1,0
9883,979,1,0
3784,1075,2,0
2803,484,2,0
14923,810,2,2
11709,894,1,0
3863,135,2,0
3322,450,2,0
6137,811,1,0
1166,584,1,0
5433,91,2,1
585,962,2,0
5416,79,1,1
3869,1052,2,1
5339,1074,1,0
16065,16,1,0
15348,471,2,0
13164,899,1,0
12780,745,1,0
17521,638,1,0
11815,478,2,0
7251,481,2,0
7547,892,1,0
9717,810,1,2
17608,403,1,1
11873,845,2,0
9399,779,2,0
892,346,2,1
11729,887,4,0
13326,465,4,0
9653,1100,1,1
10489,1100,1,2
6858,798,2,1
4079,948,1,1
6603,619,1,1
13308,846,2,1
6614,469,2,0
13172,694,1,0
11968,1019,1,0
2486,653,2,0
17244,415,1,1
5120,932,1,0
465,684,2,2
1778,667,1,2
6951,1087,1,0
17233,547,1,0
14610,331,4,0
15660,948,1,1
2318,304,1,0
9784,485,2,0
2010,808,1,0
17364,1099,1,0
10417,1106,2,1
8374,435,2,1
8800,1107,1,2
5282,1015,1,1
5422,604,1,0
484,1018,1,0
270,479,2,0
14016,744,1,1
13011,378,2,0
1131,495,2,0
5052,124,2,0
10694,1107,1,0
17268,599,2,2
12621,514,2,0
10526,684,1,0
4148,1021,1,1
1213,197,1,0
18403,9,2,0
6575,931,2,0
12043,126,2,0
8942,169,2,0
8245,443,1,1
3088,738,1,0
12640,690,1,0
5913,778,1,1
3726,1030,4,0
9740,239,4,0
11856,496,2,0
503,962,2,1
6633,73,1,1
8564,497,2,0
9487,938,2,0
768,474,2,0
10798,816,2,1
12762,775,1,0
16063,584,1,0
10068,808,1,0
14462,1010,1,0
7769,653,1,2
1942,640,4,0
13864,1049,2,0
9023,1073,2,0
6273,994,1,0
16816,816,2,1
8142,809,1,0
2835,126,2,0
12153,976,1,1
14395,159,1,0
13885,562,1,1
3207,491,2,0
16925,840,1,2
12054,825,1,1
12325,88,1,1
10614,834,2,1
6126,508,2,0
16296,805,1,0
17564,496,2,0
4443,514,2,0
1824,800,1,0
5393,670,1,1
2217,793,1,0
8732,124,2,0
4391,506,2,0
2148,613,1,1
9154,300,2,1
2516,823,1,0
840,88,4,1
3263,418,2,1
10571,793,1,0
17342,1042,2,0
5785,102,2,0
17305,641,1,0
5172,169,4,0
196,782,1,0
5483,470,2,0
9974,773,2,0
5310,834,1,1
16001,254,2,0
679,734,1,1
16485,244,2,0
9054,296,2,0
11446,1097,1,1
16975,284,1,1
11155,91,2,0
16921,766,1,0
5784,1019,1,2
11599,803,1,1
13808,1052,2,2
17682,325,2,0
5609,1100,1,2
15004,181,2,1
5030,1042,2,2
18449,173,4,0
17370,866,1,2
11689,310,2,0
13460,945,1,1
18527,135,1,1
1071,445,2,0
14536,984,1,1
444,326,2,1
17240,1100,1,2
1444,1052,1,1
4903,457,2,0
8831,1008,2,0
15613,653,1,0
15681,707,2,0
15917,91,2,0
13650,732,1,0
15137,149,2,0
15071,943,1,1
17838,481,2,0
16197,891,1,0
11374,893,1,0
6729,894,1,0
1678,120,4,0
13983,505,2,0
489,72,2,1
7677,418,4,0
9002,925,1,0
4511,646,1,1
15976,1091,1,0
7573,797,1,1
14009,376,4,0
1749,641,1,1
14680,1075,2,0
17897,475,2,0
12479,1107,1,1
10638,527,2,0
8693,892,1,0
8335,684,1,2
9836,957,2,0
213,497,2,0
207,506,2,0
8368,1053,2,0
14328,704,1,2
1803,1023,2,0
3962,506,2,0
5825,122,2,0
4676,161,4,0
7467,518,2,0
5721,495,2,0
9589,734,1,1
5320,1019,1,2
8972,998,1,0
5417,918,1,1
4487,938,1,0
16035,152,4,0
14132,102,4,0
16266,122,2,0
12742,280,2,1
12998,288,2,0
8328,953,1,0
11923,350,2,1
5371,704,2,1
15099,1019,2,0
15237,33,5,1
15134,1061,1,0
6162,821,1,2
16660,1099,1,0
14687,742,1,0
8488,826,1,2
624,165,2,1
14426,793,1,0
7855,834,1,2
12538,976,2,1
10795,810,2,2
13979,533,4,0
6465,800,1,0
5648,292,2,0
11932,338,4,0
9048,957,2,2
13340,810,1,0
477,1042,2,1
5989,1075,1,2
13341,102,2,0
3063,653,1,2
8427,126,2,0
4573,664,1,0
8371,830,1,2
18203,798,2,0
14179,836,2,0
11179,1107,1,0
1107,1107,1,1
4261,443,1,0
5280,1,1,1
11386,356,2,0
8288,1061,2,1
16576,853,2,1
3857,834,1,2
16583,348,1,0
17339,234,1,1
15194,283,2,0
10161,1007,1,0
11737,615,1,0
17252,118,2,0
17424,402,2,1
5764,629,1,0
11686,945,1,1
17187,798,2,1
5169,1099,1,0
3760,899,1,0
16116,126,2,0
5121,236,1,0
14038,973,1,0
17034,102,2,0
16965,734,1,1
16946,497,2,0
3842,1027,1,0
6978,149,2,0
15292,498,2,0
14428,499,2,0
13698,810,1,1
15951,734,1,2
7283,222,2,0
9362,400,1,1
16942,155,1,0
13751,767,1,0
7796,416,2,1
12090,921,2,1
10721,1042,2,1
16151,704,2,0
16089,721,1,2
15350,1018,2,0
3119,509,2,0
7503,1010,1,1
15878,601,4,0
6098,504,4,0
14995,147,2,1
8036,1014,1,0
3772,613,2,0
5304,1019,2,1
6598,496,2,0
8600,91,2,0
8947,818,1,1
4254,1018,1,0
1441,549,1,0
6448,475,2,0
16374,460,2,0
17841,763,2,0
15895,889,1,0
13025,250,2,0
1271,410,4,0
4285,102,2,0
18395,846,2,0
938,1107,2,2
15310,909,1,0
10601,488,2,0
11739,95,2,0
8799,505,2,0
11306,494,2,0
9682,815,1,1
4410,445,2,0
3035,1088,1,1
12839,705,1,1
9887,469,2,0
10320,357,2,0
7048,447,1,1
15494,1,1,0
18463,229,1,1
8406,877,1,0
5192,881,1,0
6516,469,2,0
5909,638,1,1
92,600,2,0
2624,855,2,0
1434,512,4,0
68,684,2,2
10207,756,1,1
10145,91,2,0
11694,1031,1,1
7845,923,2,0
14711,793,1,0
7600,603,1,0
14338,289,2,0
15136,324,2,0
5910,156,2,0
15381,1008,2,2
4142,957,1,0
17310,232,4,0
14481,326,2,0
12224,810,2,0
13578,1042,2,0
17276,469,2,0
17357,706,1,2
12718,507,2,0
14878,936,1,1
14085,392,1,1
14169,735,1,0
1666,1008,2,0
12018,242,2,0
11352,1019,1,2
16698,955,2,0
2415,290,4,0
4429,846,2,0
9504,695,1,2
6887,925,1,2
2220,818,1,1
5345,734,1,2
13891,491,2,0
269,891,2,0
10783,1019,2,0
18086,135,2,0
17082,1094,1,0
99,149,2,0
10529,353,2,0
505,834,2,0
9778,1017,1,1
17908,921,2,0
6523,496,2,0
11896,1019,2,1
15469,977,5,1
2383,925,1,0
2219,1038,1,1
3812,427,2,1
1681,752,1,0
2846,382,2,0
12117,763,2,2
5295,921,2,1
9377,793,2,0
1500,1101,1,0
16192,1042,2,1
15840,488,1,0
8133,242,2,0
4323,1046,1,1
9754,644,1,1
6346,1107,1,2
10709,317,2,0
14281,1097,1,1
462,1008,1,1
5272,1030,1,0
10814,883,2,0
9608,485,2,0
732,909,2,0
17266,298,2,0
6712,912,1,1
7034,957,1,0
11733,311,2,0
682,455,2,0
9040,1107,1,2
260,653,2,0
18057,653,2,0
9473,494,2,0
84,745,1,1
5039,457,2,0
1247,1,1,0
15796,122,2,0
7912,1030,1,0
2569,124,2,0
12306,282,2,0
14311,816,2,1
6174,507,2,0
8991,12,1,1
10080,808,1,0
3337,613,1,1
9044,496,2,0
17170,508,2,0
5298,1103,1,0
15386,846,2,2
16550,313,2,0
992,579,1,0
15463,771,2,0
15327,805,4,0
15067,995,2,0
6479,475,2,0
10300,478,2,0
8480,881,1,0
5777,147,2,0
720,154,2,1
9166,946,1,0
4678,1034,1,0
14739,864,5,1
3261,16,1,1
5115,91,2,0
10246,735,1,0
7298,836,2,0
7697,126,2,0
2689,814,1,0
15416,223,1,0
3902,9,1,0
10179,91,2,0
14812,894,1,0
4120,745,1,0
9946,1049,1,0
16988,657,2,0
7753,476,2,0
1154,252,1,1
959,1097,1,1
8366,1008,2,1
11225,72,1,1
12183,490,2,0
15451,613,2,0
17615,792,1,0
17100,476,2,0
14001,812,2,0
13162,1115,1,0
16729,851,1,1
17397,936,4,0
3333,1100,1,2
7147,242,2,0
13483,496,2,0
3878,810,2,1
1617,481,2,0
5493,1117,1,0
2663,957,1,0
7378,32,1,2
10857,1019,2,1
16023,118,2,0
8189,526,2,0
6827,800,1,0
2070,808,1,0
11476,504,2,0
10560,373,2,0
822,91,2,0
14511,638,1,2
3704,270,2,1
12659,317,1,0
7137,102,2,0
17925,603,4,0
28,889,2,0
9394,45,4,0
11380,396,2,1
7514,149,2,1
9306,906,1,1
1409,723,4,0
2749,769,1,0
15541,962,2,1
6121,369,4,0
13996,236,1,1
17922,890,1,0
14744,226,2,1
14372,300,2,1
5464,1037,1,1
11238,928,1,0
11104,418,2,1
16424,1097,2,0
16659,415,2,0
11018,475,2,0
3457,157,2,0
5047,805,2,0
13020,478,1,0
1639,473,2,0
922,790,1,1
16079,972,1,1
12889,755,2,0
12681,551,1,2
14278,644,1,0
4327,485,2,0
12098,599,2,0
16095,618,1,2
16796,16,1,1
10432,895,1,1
12469,945,1,0
7423,1038,1,0
15221,1120,1,1
16446,488,2,0
13252,830,1,2
16281,149,2,0
13071,655,1,0
38,468,2,0
80,194,2,0
79,8,1,0
8608,1052,1,2
3189,1061,2,2
1115,244,2,0
6160,1019,2,0
7840,133,2,0
16401,980,2,1
8641,638,1,1
4383,315,1,0
6803,1008,2,0
43,300,2,0
9528,1086,2,0
6347,1066,1,0
27,793,1,0
13433,495,2,0
8,243,2,0
3590,998,1,2
4388,797,1,1
131,621,1,1
9373,33,1,2
9661,608,2,0
3752,149,2,0
243,520,2,0
15511,283,2,1
18200,1048,1,1
4361,13,1,1
7975,124,2,0
8594,89,2,1
8211,851,1,0
2499,1030,1,1
12869,130,2,1
12001,527,2,0
3700,745,1,2
2915,228,4,0
2496,13,2,0
5759,793,2,0
4782,91,1,0
16979,846,1,0
2503,473,2,0
5372,962,2,0
2323,485,2,0
6676,816,1,1
9348,276,2,0
12367,926,1,2
8902,375,2,0
14201,690,2,0
16341,460,2,0
9349,276,2,0
703,313,2,0
5951,846,2,1
12364,468,1,0
18364,936,2,1
1,601,1,1
7309,600,2,0
1964,1111,2,0
7415,619,1,0
8584,157,2,0
11885,755,2,0
6393,13,2,0
495,704,2,1
17800,484,2,0
10336,919,2,0
8458,12,1,1
18105,159,2,0
8158,478,2,0
4009,731,1,0
3934,375,2,0
5852,599,2,0
11016,921,2,2
13451,921,2,1
15470,1061,2,1
8078,127,2,0
4561,112,2,1
9558,619,1,0
12189,157,1,1
6148,957,5,0
1320,875,2,0
13966,106,4,0
8577,1042,2,0
11955,242,2,0
13681,226,2,1
191,95,2,1
17962,793,1,0
6970,466,2,0
18372,944,2,1
9075,793,2,0
9179,794,1,0
12184,474,2,0
17101,149,2,0
3855,793,1,0
1035,618,1,0
2026,1054,2,1
11313,1010,1,1
16825,466,2,0
6717,33,1,1
15970,1011,1,1
11118,477,2,0
772,763,2,1
7009,472,2,0
3697,116,2,0
1385,122,2,0
10765,976,2,1
12201,480,2,0
11854,495,2,0
1767,239,2,0
15158,1095,2,0
6857,1113,1,1
2931,805,2,0
14156,491,2,0
15306,887,1,0
13548,738,1,1
10482,704,2,0
14505,148,2,0
12720,1075,1,1
11030,808,1,0
17208,837,1,1
14129,155,2,0
7941,756,1,0
1069,126,2,0
4295,498,4,0
17982,1061,2,0
3835,336,2,1
5306,654,5,1
3778,493,2,0
7829,664,1,0
10941,836,1,0
12747,206,2,1
10059,821,1,2
14783,653,1,1
17595,1,1,2
12692,816,1,0
7313,1020,1,2
6789,450,2,0
8340,255,2,0
5608,470,2,0
17517,475,2,0
12329,644,1,1
15267,461,2,0
10026,879,2,0
2937,613,1,0
7350,821,1,0
2857,155,2,0
17464,124,2,0
14909,1033,1,2
6834,1015,1,1
9299,496,2,0
13088,816,1,1
13079,1023,1,0
17207,126,2,0
10951,468,2,0
13724,846,2,1
2909,834,2,2
4882,296,2,1
15107,713,2,0
9328,726,1,2
499,892,1,2
9780,737,2,1
2100,1042,1,1
14070,977,5,1
5427,1023,2,0
3844,805,1,0
13324,158,1,0
2618,600,2,2
2445,266,2,1
5607,607,4,0
11526,600,2,2
9543,499,2,0
7148,1033,1,0
12840,808,1,0
2501,122,2,0
1478,122,2,0
10959,159,2,0
15844,1030,1,1
15351,525,1,0
16721,744,1,0
10871,976,1,0
8969,126,2,0
5672,1099,1,0
7235,734,1,0
5375,7,1,1
11342,408,2,1
16356,120,2,1
17547,870,1,0
12639,292,2,0
3607,883,1,1
10564,505,2,0
1557,181,2,0
8738,1054,4,0
3278,73,1,1
7097,451,2,0
1730,1110,1,0
10450,488,2,0
17687,931,2,0
4362,183,1,0
10127,1088,1,1
14714,210,2,0
7497,684,2,0
10822,884,1,2
10762,707,2,0
15772,91,2,0
7401,924,1,0
16484,283,2,0
130,7,1,0
6292,834,2,2
9127,1024,1,0
4252,477,1,0
9006,226,2,1
3380,475,2,0
14938,948,1,0
12817,139,2,0
17452,817,2,0
12583,3,2,0
15938,883,1,1
12349,600,2,2
9243,909,1,1
6812,242,2,0
16752,931,1,0
7719,976,1,2
1002,665,1,1
4861,1017,1,1
10442,459,2,0
12396,1107,2,0
421,836,1,0
608,1008,2,1
134,892,1,2
18344,197,4,0
9982,834,2,1
7259,91,2,0
1587,363,2,1
16991,135,2,0
12344,1056,1,1
17807,903,1,1
5845,155,2,0
15860,821,1,1
16312,141,2,0
2765,734,2,0
20,79,2,0
5273,640,1,1
5062,374,2,0
9420,892,2,0
14743,1007,1,0
18101,255,2,0
15418,895,1,1
8278,499,2,0
12498,145,2,0
16505,1075,2,0
18346,445,2,0
10982,108,2,1
5279,548,1,0
2327,936,1,2
9180,798,2,1
7877,506,2,0
10324,65,1,2
17512,466,2,0
5774,208,4,0
14684,710,2,0
3660,823,2,0
18548,278,2,0
3745,465,1,0
17265,1061,2,2
5202,648,1,0
17285,834,1,2
7023,599,2,2
18490,1008,2,0
1087,1107,2,0
15407,1112,1,0
11353,556,1,1
3237,208,2,0
6889,242,2,0
4228,793,1,0
7622,756,1,2
7444,627,2,0
7521,369,2,0
8433,891,2,0
8592,479,2,0
10475,821,1,0
9181,825,1,1
13167,976,1,2
11147,814,1,0
6159,691,2,0
7320,322,2,0
14734,734,1,2
17401,124,2,0
9039,1111,1,1
12530,946,1,0
15487,704,1,2
18533,734,1,0
18064,584,1,0
13570,466,2,0
2781,1109,1,0
16247,498,2,0
13279,1106,1,1
4137,839,2,0
16004,872,1,0
9879,1008,2,1
1664,354,2,1
11939,821,2,1
138,684,1,0
4877,507,2,0
4590,474,2,0
6172,931,1,0
11537,726,1,1
115,264,2,1
17661,704,1,2
3256,7,1,0
4664,846,1,0
17284,836,1,0
8002,118,2,0
11097,474,1,0
5379,1026,1,1
7961,450,2,0
12003,655,1,1
7262,242,2,0
13002,734,1,1
3960,91,2,0
455,124,2,0
7759,465,2,0
11493,135,1,1
3225,1033,1,1
4008,845,2,0
13425,1100,1,2
3155,181,2,0
3762,875,1,0
17340,577,1,0
11188,895,1,2
8529,1061,2,1
10738,359,2,0
1847,477,2,0
125,793,1,0
4987,805,1,0
11307,798,2,2
11956,122,2,0
18174,1053,1,0
7678,133,2,0
13083,163,1,0
15781,627,2,0
7582,600,2,0
9428,713,1,1
3691,1055,1,0
14151,1052,1,1
4452,888,1,0
12380,793,2,0
10915,255,2,0
4370,252,1,1
6665,4,1,1
10656,282,2,1
6522,893,1,1
18135,1052,1,0
6177,292,2,0
6407,643,1,2
11648,744,1,1
5923,831,1,1
4250,962,1,2
16364,609,4,1
9711,570,1,1
12824,646,1,1
8678,619,1,1
11589,1100,1,2
16834,808,1,0
2896,1053,2,0
13857,461,2,0
3385,179,2,0
16313,244,2,0
15331,1100,1,2
2058,1051,4,0
12143,102,2,0
5212,467,2,0
10937,599,2,1
13642,1100,1,2
15959,990,1,1
12594,400,2,1
18142,763,1,0
3737,1052,1,0
13785,442,2,1
9574,931,1,0
7988,460,4,0
5270,489,2,0
4403,834,2,1
13804,63,2,0
4247,484,2,0
16455,1031,1,0
7281,396,1,0
2831,380,2,0
17143,1052,2,1
12586,469,2,0
9208,1075,2,1
15673,771,1,1
5559,1010,1,0
920,288,2,0
17381,600,2,0
11805,157,2,0
17441,793,2,0
3027,95,2,0
13250,522,1,0
14375,284,1,0
15672,1050,2,0
893,1019,1,0
17994,471,2,0
13826,95,4,0
7409,1010,1,1
11529,375,2,0
4149,834,1,0
1834,126,2,0
16173,167,1,0
4269,374,2,0
14488,704,1,1
6249,466,2,0
2577,1052,1,0
3631,526,2,0
16514,1009,5,0
8504,124,1,0
7807,834,2,1
1014,118,1,0
5668,490,4,0
12359,108,2,0
6992,742,1,0
2741,1016,1,2
7765,509,2,0
6205,938,1,1
6152,837,1,1
9571,518,2,0
4611,135,2,0
7952,102,1,0
1137,881,1,1
12579,472,4,0
15241,189,2,1
8937,1109,1,1
18367,648,4,0
2802,484,2,0
17417,243,2,0
2377,734,1,0
17423,228,2,0
12229,704,2,0
10200,925,1,0
4921,244,2,0
2946,923,1,0
12711,451,2,0
7705,810,2,2
5148,613,1,1
2309,292,2,0
11057,386,4,0
14413,147,4,0
3034,122,2,0
6632,116,4,0
6016,707,2,0
17255,100,2,0
5090,382,4,0
16332,124,2,0
12531,401,4,0
12924,734,1,0
12197,166,2,1
3963,619,1,0
17858,495,2,0
5525,961,4,0
4769,646,1,1
11080,497,2,0
11532,846,2,1
10105,976,2,2
2449,806,1,0
18120,1018,2,0
5434,884,1,0
15104,599,2,0
16299,704,1,2
487,1010,1,0
11033,91,2,0
2836,673,1,0
7203,1042,1,1
7523,292,2,0
8661,996,2,1
5928,1008,1,2
8945,1067,1,1
7388,600,2,0
12077,810,1,0
3867,798,2,2
23,257,2,0
4409,700,1,1
12930,300,2,1
13762,894,1,0
1636,491,2,0
10747,695,1,0
474,118,2,0
10366,846,2,0
8445,971,1,0
7342,324,2,0
12544,17,1,1
4199,280,2,1
13634,587,1,0
10972,826,1,1
15867,1075,2,1
8743,91,2,1
5100,1050,1,2
6527,752,1,1
296,1086,2,2
7081,809,1,0
11642,504,2,0
14994,1029,2,0
59,602,1,0
9268,465,2,0
11039,737,2,0
17665,13,4,0
15512,12,4,0
13664,1079,1,0
13472,661,2,0
5925,484,2,0
7907,1082,2,0
16055,371,2,0
3336,102,2,0
16414,179,1,1
6047,445,2,1
12311,921,2,1
10201,878,1,0
15393,312,2,0
8716,100,1,1
438,684,2,2
3268,834,2,1
7400,886,1,0
5520,494,4,0
7062,881,1,0
16163,619,1,0
11755,814,4,0
9083,474,2,0
5811,481,2,0
4668,305,1,0
357,894,1,0
1586,1107,1,0
8670,696,1,1
6181,373,2,0
15333,205,4,0
10644,498,2,0
6915,252,1,0
8662,1030,1,1
1782,1086,2,2
2998,1086,2,1
14007,124,2,0
44,451,2,0
5693,1019,2,2
1732,810,1,2
2867,816,2,0
1296,846,2,2
18406,810,1,0
3883,810,1,0
4440,1107,1,0
17217,469,2,0
12917,297,2,0
15400,102,2,1
15147,810,1,0
6467,1035,4,1
13894,627,2,1
7942,280,2,0
10977,1017,1,0
10725,320,1,0
12826,943,1,0
7968,471,2,0
10559,13,1,1
4771,506,2,0
15679,1059,1,0
6090,149,2,0
3289,831,1,1
8206,1109,1,0
9034,902,4,0
1802,763,2,1
9323,802,4,1
5217,475,2,0
15224,600,2,2
15116,976,2,0
17990,396,4,0
12452,894,2,0
11663,16,1,0
18281,181,2,0
1946,1033,1,1
1999,600,2,0
12420,691,2,1
16293,409,2,0
3112,1006,2,0
7017,1018,2,1
4483,270,2,0
4460,1030,2,0
3253,878,2,0
1118,241,2,0
4291,114,1,1
6331,619,2,0
9297,283,2,0
6654,768,1,0
11243,696,2,0
7143,990,1,0
17753,704,2,1
11382,998,1,1
16057,831,1,1
4531,660,1,0
7630,114,2,1
9922,1042,2,0
4614,899,1,0
2466,242,4,0
14383,523,1,0
17781,478,2,0
7997,906,1,1
17366,1066,1,0
13380,400,2,1
14349,507,2,0
15563,995,1,2
10599,604,1,1
16556,206,1,1
4419,945,4,1
10653,802,1,1
8605,466,2,0
15425,1033,1,0
60,931,1,0
588,921,1,2
5088,522,2,0
13186,7,1,0
12476,248,1,0
4140,600,1,0
11765,821,1,1
7947,687,1,1
7984,752,1,0
10409,1015,1,0
15880,9,1,0
3756,853,1,1
18072,788,1,1
10520,1019,1,2
15756,1080,2,1
4106,724,1,2
6932,1014,1,0
14955,292,2,0
12088,684,2,2
7590,49,1,0
7773,496,2,0
4858,892,1,2
550,1031,1,0
7044,460,4,0
2686,274,1,0
13965,794,1,0
6204,508,2,0
3173,734,1,2
5387,821,1,2
5731,1019,2,0
279,400,4,0
14032,102,2,0
5268,584,2,0
12145,645,1,2
5991,931,1,0
14861,171,2,1
3446,100,2,0
12788,803,1,0
18136,114,2,1
8238,314,2,0
2845,962,2,2
6302,501,2,0
18405,837,1,1
10089,845,1,2
1865,763,2,1
14870,242,2,0
3291,734,1,2
6806,684,1,0
8888,419,2,1
3950,484,4,0
14916,998,1,1
12957,95,2,0
812,1024,1,0
12866,726,2,0
1040,122,2,0
6382,442,4,0
12195,252,4,0
5303,1061,2,1
12744,57,1,2
3695,1067,1,1
2942,485,2,0
8667,760,2,1
1764,345,2,0
6828,504,2,0
1030,692,2,1
13359,845,1,1
10251,282,2,0
5598,175,2,1
2774,1008,2,1
4278,653,1,1
8956,893,1,0
16458,278,2,0
7103,79,1,1
6405,938,2,0
4989,794,1,0
13607,459,4,0
7637,974,1,2
10317,478,2,0
14236,854,1,1
11937,139,2,0
5253,1056,1,1
957,921,2,0
2138,509,2,0
2137,600,2,2
17548,471,2,0
11156,79,1,1
507,895,4,0
9593,497,2,0
1977,184,2,0
18467,548,1,1
6443,995,1,1
8512,1058,1,1
16490,133,1,0
2594,1098,1,2
15555,1010,2,0
12013,484,2,0
7575,963,1,0
4425,126,2,0
11319,643,4,0
3375,100,2,0
8907,505,2,0
8021,619,1,2
9586,890,4,0
14831,504,2,0
15659,477,2,0
10953,504,2,0
12528,627,2,0
4979,1110,1,1
8917,808,1,0
17156,1042,2,0
12643,365,4,0
4442,491,2,0
11227,506,2,0
7800,290,2,0
112,963,2,0
6734,666,1,1
16755,475,2,0
11631,878,2,0
18126,1061,2,1
12385,1100,1,2
16345,613,1,1
10249,810,1,2
6810,255,2,0
1355,494,2,0
1048,996,2,1
323,763,2,1
11802,480,2,0
17016,891,2,0
3731,795,2,0
14354,446,2,1
13672,1095,1,1
6547,834,1,2
2695,909,2,0
16033,338,1,1
4305,91,2,0
9177,126,2,0
178,939,1,0
14884,13,1,1
4126,653,2,2
13373,760,1,1
16815,459,1,0
3917,661,2,0
1405,126,2,0
7558,684,1,2
5628,369,4,0
727,118,2,0
4218,618,1,1
206,805,1,0
8148,1,1,1
4650,95,2,0
12671,931,2,0
10931,763,1,1
3073,1121,1,1
6076,613,1,2
8407,153,4,0
9344,942,4,0
6886,562,2,0
14423,704,1,2
17880,521,2,0
4384,118,2,1
12294,641,1,2
2038,324,2,0
5291,803,2,0
4263,966,2,0
4731,834,1,0
6211,1100,1,2
7717,471,2,0
3221,5,4,0
1455,734,1,0
14433,1007,1,1
7153,638,1,0
3611,995,1,2
15751,964,2,0
16740,584,1,0
5556,821,1,1
1412,300,2,1
11606,853,1,1
5308,522,2,0
15272,1051,1,0
1899,1115,1,0
1555,1063,1,0
6641,373,2,0
12804,104,1,0
14088,836,2,0
17220,646,1,2
12907,300,2,1
17741,614,2,0
1120,1115,1,0
1425,944,2,0
902,763,2,1
6093,812,2,0
3742,960,1,1
3527,288,2,1
6470,892,2,0
1248,648,1,2
4122,565,1,2
17824,495,2,0
11940,311,4,1
8069,500,2,0
10782,727,1,0
17733,239,1,1
3612,488,2,0
4147,704,2,0
1351,103,2,0
11657,184,1,0
9091,821,2,0
1215,547,1,0
14496,161,2,0
12951,830,1,2
5385,244,2,0
15162,1045,1,1
8159,1017,1,1
2097,745,1,2
2235,584,1,0
11778,1107,1,2
4281,478,2,0
12950,826,2,0
12763,124,2,0
12047,324,2,1
9331,165,1,0
11299,584,2,0
4905,126,2,0
13854,367,1,0
2493,444,2,0
10609,714,1,0
6455,1112,1,0
256,1033,4,0
6253,1007,2,0
6311,705,1,2
5258,476,2,0
16223,226,2,0
15045,1099,1,1
16894,644,1,1
4353,150,2,0
8631,489,2,0
2450,894,1,0
7468,754,1,1
10362,251,4,0
7399,159,2,1
16109,358,4,0
9510,845,2,1
10861,141,4,0
10666,1018,1,0
16993,734,1,0
83,149,2,0
7045,524,2,0
9434,126,2,0
6235,638,1,0
15361,485,2,0
3981,404,1,1
3662,272,2,0
16614,778,2,0
10376,1107,1,2
3271,976,2,1
2975,978,1,0
75,481,2,0
2341,549,1,1
8385,894,2,1
8929,834,1,0
1499,398,4,0
12154,500,2,0
16805,1105,1,0
2637,950,1,0
18394,595,1,1
11670,995,1,2
17860,1112,1,0
12290,116,2,0
15957,485,2,0
355,846,1,0
11566,484,2,0
7797,1062,2,1
12906,337,2,1
17511,9,2,0
14447,1109,2,0
9247,181,2,0
10280,388,1,1
11978,381,2,0
18054,296,2,1
14034,707,2,0
17160,124,2,0
17058,9,1,0
8421,270,2,0
8634,467,2,0
3318,270,2,0
18379,691,2,0
2159,693,1,0
16228,363,2,0
14181,645,1,0
5436,763,1,0
17152,818,1,1
17566,892,1,0
1463,188,1,0
11487,92,2,0
3076,380,2,0
16229,738,1,1
2229,166,4,0
9007,1107,1,1
3059,200,1,0
10976,479,4,0
3129,1067,1,1
7955,707,1,1
11083,149,2,0
18317,172,4,0
17892,228,2,1
16527,122,2,0
12631,47,3,0
4582,802,1,0
8086,292,2,1
18248,475,2,0
16554,990,1,1
8167,325,2,1
2012,477,2,0
858,1083,1,0
2531,1088,3,0
17923,865,1,2
5426,16,4,1
8975,894,1,0
4030,186,1,0
437,655,1,0
6766,726,1,2
3097,821,1,2
10329,1019,1,0
1378,707,2,0
1517,426,2,0
5430,124,1,0
8687,459,2,0
13000,793,2,0
5862,491,2,0
5982,806,1,0
6683,120,4,0
6518,260,1,0
12191,714,1,1
12877,881,1,1
6384,1088,1,1
850,704,1,0
12827,286,2,1
7190,468,2,0
5156,977,5,0
2506,846,2,1
15746,152,1,0
3804,193,2,0
4171,466,2,0
14659,744,1,0
16958,369,2,1
2352,476,1,0
4324,810,1,0
7477,962,1,2
10981,1026,1,0
11286,1008,2,0
5720,906,4,0
11659,1075,2,1
6107,311,4,0
1395,963,1,0
18472,413,2,1
14230,995,1,1
406,13,1,2
5726,1046,1,2
12338,684,1,2
7414,640,1,1
6070,744,2,0
5079,763,2,1
5193,798,1,0
4924,95,2,0
14396,242,2,0
14946,839,1,1
15124,1107,2,1
11607,582,1,0
3442,809,1,0
7612,496,2,0
9712,269,2,0
7218,369,2,1
4629,1018,1,0
14081,427,2,0
14494,987,1,0
6545,802,1,0
17583,479,2,0
14829,122,2,0
18314,1067,1,1
1203,472,1,0
3713,972,1,1
9926,91,2,0
7665,1063,4,0
16788,141,2,0
1817,466,2,0
8763,948,1,1
16357,155,2,0
2892,120,2,1
18044,600,2,0
18357,707,2,0
9188,644,1,0
11325,649,1,1
17258,445,2,0
11297,603,1,0
9818,189,4,0
16781,1014,1,1
12318,1000,2,0
3331,100,2,0
5269,124,2,0
755,122,2,0
1309,1117,1,1
13229,1033,1,1
8916,309,2,1
4279,1018,1,0
16931,7,1,2
12973,270,2,0
16533,684,1,0
8040,675,1,1
12444,314,2,0
3800,600,2,0
4727,418,2,1
16347,831,2,0
4239,972,1,2
6383,798,2,2
18256,821,2,0
10477,1022,1,1
16798,450,2,0
8214,221,1,1
15329,957,1,0
9207,447,2,0
543,798,2,2
5807,135,2,0
14159,300,4,0
4208,466,2,0
2908,468,2,0
11899,1034,1,0
16061,302,1,0
8416,505,2,0
12911,244,2,0
8773,641,1,1
2151,305,2,0
5674,570,1,0
16412,242,2,0
2266,704,1,1
17214,93,2,0
5365,128,2,0
7419,494,2,0
12608,429,1,1
15906,637,1,0
8479,522,2,0
12787,283,2,1
3794,1047,1,0
9321,480,2,0
17461,745,1,1
6091,476,2,0
17352,897,2,0
1241,846,2,2
17614,738,1,2
7786,382,2,0
16593,1024,1,0
10497,724,1,1
16678,204,1,0
9176,756,4,0
18332,477,2,0
13600,1106,1,0
17467,339,2,0
11130,1026,1,0
132,1042,2,0
17348,692,1,1
9292,181,4,0
13105,846,2,2
845,995,1,2
7231,72,2,0
3802,409,2,1
7442,268,2,0
3496,481,2,1
14382,763,2,2
2816,469,2,0
5153,475,2,0
12218,266,2,0
2580,1026,4,0
7135,474,1,0
12741,13,4,1
17713,744,1,1
14591,760,2,0
10190,466,2,0
12860,22,1,1
18313,821,1,1
17323,745,1,1
787,897,1,2
3216,793,1,0
14340,355,4,0
18019,834,2,0
11291,1026,1,2
3064,102,1,0
6619,124,2,0
26,238,4,0
4970,794,1,0
14999,157,2,0
1947,1100,1,2
14686,30,1,2
16203,699,2,0
1103,896,2,0
11404,1042,2,2
12266,734,1,1
1770,1063,1,1
8425,1051,2,0
18397,603,2,0
17437,122,2,0
327,488,2,0
12649,434,2,1
15097,837,2,1
17506,875,1,1
7070,925,1,0
7087,74,2,0
8216,181,4,0
4350,704,2,0
16206,738,1,1
14908,600,1,0
8805,153,2,1
5803,763,2,2
7568,1042,1,0
8202,1049,1,1
18027,242,2,0
4084,1024,1,0
13745,897,1,1
9245,1072,1,0
248,122,2,0
16080,326,4,0
15768,944,1,0
1312,505,2,0
5277,414,2,1
15091,460,2,1
12716,460,2,1
8348,756,1,0
204,505,2,0
13791,518,2,0
10990,834,1,2
5637,798,2,2
15068,478,2,0
486,821,1,0
12348,471,2,0
13992,298,2,1
13389,33,1,0
13764,126,2,0
12513,972,4,1
13333,735,2,0
9705,126,2,0
9798,734,1,0
8038,76,1,1
6650,318,2,0
3533,902,1,0
7781,893,1,2
4151,1008,2,0
731,118,1,0
15330,782,1,0
13274,957,1,0
12411,1095,4,1
13338,856,2,1
2735,760,1,0
263,1107,1,2
12228,808,1,0
1479,602,2,0
7323,135,2,0
4670,1063,1,0
583,639,1,1
3978,836,2,0
16563,885,2,0
8559,846,2,1
15847,439,1,0
7331,584,1,0
3098,793,1,0
8188,371,2,0
3243,696,1,1
13261,198,4,0
15982,485,2,0
14611,777,2,2
5018,627,2,1
1937,128,2,0
3992,378,1,0
9155,808,1,0
12913,897,1,0
9733,1075,1,2
12803,846,1,1
18480,485,2,0
873,655,1,1
11392,270,2,0
3455,662,1,1
13953,92,2,0
11600,651,1,1
15146,806,4,0
6548,17,2,0
17857,504,1,0
6052,193,2,0
5795,244,2,0
4354,480,2,0
6286,325,1,0
15971,126,2,0
7145,466,2,0
11716,311,2,0
409,808,1,0
3208,797,1,1
17444,348,4,0
17446,4,1,1
18222,613,1,2
11707,641,1,1
11580,948,1,0
8615,474,2,0
7818,1010,1,0
8617,821,1,0
15903,465,2,0
17094,334,4,0
11690,696,1,1
975,836,2,0
14266,320,1,0
1579,793,1,0
5601,318,1,0
4700,962,2,2
818,821,2,0
8241,163,1,1
13065,1018,1,0
8858,1058,1,1
7831,921,1,1
8574,378,4,0
14226,466,2,0
8013,479,2,0
4371,298,2,1
17637,547,1,1
14845,106,1,0
6592,89,2,0
10322,124,2,0
8284,763,2,1
1373,962,1,2
3481,806,1,0
6982,1112,4,0
9417,518,2,0
8471,196,2,0
11061,1024,1,0
2899,494,2,0
12697,708,1,0
221,704,1,0
10235,190,1,0
403,899,1,0
7966,177,2,1
15118,603,1,1
12635,925,1,0
247,845,2,2
1855,662,1,1
1094,448,2,0
4853,851,2,0
13957,603,1,0
17250,1097,1,0
350,1024,1,0
10024,91,2,0
13875,460,4,0
1576,95,2,0
12276,1008,2,1
4846,849,1,0
12179,700,1,1
4118,1075,2,2
5854,124,2,0
17399,479,2,0
2135,867,1,2
6312,488,2,0
8578,169,2,1
1223,314,2,1
8168,1102,1,0
10333,740,1,0
8970,89,2,1
17485,282,1,0
7425,124,2,0
11660,615,2,0
9853,1025,1,0
290,892,1,2
906,1120,1,0
3022,497,2,0
4873,378,2,0
11414,380,2,0
90,1111,1,1
5673,798,1,0
1090,246,2,1
18462,15,1,0
4931,441,4,1
17334,124,2,0
17559,353,1,1
16611,1049,1,0
10874,995,1,2
17495,995,1,2
2815,459,2,0
9685,600,1,2
954,618,1,0
13786,615,1,0
18503,123,2,0
6330,460,2,1
14703,693,1,1
9454,157,2,0
2947,505,2,0
17662,322,2,1
9736,950,1,0
5728,734,1,0
5063,826,4,1
6113,805,1,0
11961,734,1,0
11270,416,2,0
17431,655,1,0
7076,1026,1,0
17504,311,1,0
14676,735,1,0
8633,774,2,2
9195,899,1,1
14787,932,2,0
12063,9,2,0
1513,613,1,2
12264,942,1,0
1116,470,1,0
14330,256,2,0
3175,400,2,0
15283,950,1,1
5010,520,2,0
12502,995,1,2
11258,380,2,0
17996,814,2,0
8926,600,2,0
7454,210,2,0
11190,459,2,0
12903,472,1,0
16050,472,2,0
11373,175,2,1
12112,1019,2,0
10774,89,2,1
8879,155,2,0
3167,856,1,1
8294,1107,1,0
2546,901,1,0
12953,704,2,0
11844,503,1,0
10729,976,2,2
4946,215,1,1
16620,744,1,1
13537,938,1,0
6168,924,1,0
14026,172,2,1
10698,607,1,0
5378,292,4,0
5,460,2,0
14891,541,1,1
6981,86,1,2
1724,534,5,0
1657,496,2,0
8582,807,4,1
1540,1084,1,1
5901,1054,1,0
4475,365,2,1
3258,989,1,2
12926,648,1,2
10488,124,2,0
2398,126,2,0
13671,529,2,0
7870,298,2,0
17269,734,1,2
4399,95,2,0
5000,7,1,0
15637,493,2,0
3190,929,1,0
4335,917,1,1
18231,90,2,0
15934,803,1,0
14497,280,2,0
1352,618,1,1
17013,466,2,0
6556,471,2,0
7683,501,2,0
16627,976,1,2
1177,704,2,2
8506,1061,2,1
14603,1075,2,2
10191,892,1,1
15972,242,2,0
12244,1062,2,0
1019,464,2,0
6029,756,1,0
16873,995,2,2
16845,1052,1,1
15837,169,4,0
17772,257,1,1
17763,183,4,0
16444,481,1,2
14572,998,1,1
15632,181,2,1
14160,91,2,0
257,1099,1,0
14539,854,1,0
14559,118,1,0
12472,107,1,0
14370,1075,2,0
11421,885,1,1
12378,794,1,0
17558,419,4,0
4583,1052,2,0
7316,886,2,0
8817,798,2,0
13353,1026,1,0
5804,671,1,0
16679,830,1,1
13546,395,1,1
1810,102,2,0
5707,921,2,2
6258,735,1,0
12384,14,1,0
1910,403,2,1
4658,1019,1,0
3499,849,1,0
7306,149,2,0
29,505,2,0
8126,633,1,0
6284,714,1,1
2842,1030,1,0
9782,1024,1,0
5438,475,2,0
4692,375,2,0
9458,242,2,0
7700,126,2,0
8904,244,2,0
7594,1086,2,2
5488,816,1,1
5753,639,4,0
8108,114,2,0
3711,378,2,0
13717,796,1,1
17678,488,2,0
1828,664,1,0
13212,769,1,2
14622,480,2,0
16069,161,2,0
8476,632,1,0
6629,1100,2,1
7084,845,2,1
212,665,1,0
10456,1050,2,0
16547,373,4,0
1402,214,2,0
9758,798,2,2
12232,1052,1,2
12016,480,2,0
9170,467,2,0
12985,533,1,0
259,282,4,0
1709,1081,1,0
12936,894,1,1
7752,944,1,1
9303,931,1,2
15461,769,4,0
15786,44,3,0
13366,415,4,1
13067,1011,1,2
2641,481,2,0
7632,808,1,0
15645,706,1,1
9278,95,2,0
5961,1008,2,2
1005,1118,1,0
3927,834,1,2
17822,625,1,1
1777,506,2,0
1529,714,2,1
1236,948,1,1
9708,344,2,0
12431,471,2,0
16255,1075,2,1
17033,1025,1,1
4512,878,1,0
2743,1101,1,0
4064,147,2,1
7182,126,2,0
3880,972,1,0
14465,365,4,0
2748,206,1,1
4844,380,1,0
11338,6,1,1
9865,380,2,0
13547,921,2,2
18234,414,2,1
14006,917,1,2
8627,599,2,1
14012,466,2,0
18375,471,2,0
3285,600,2,2
11817,984,1,2
4155,466,2,0
1751,857,1,1
17699,814,1,0
16393,91,2,0
5732,1075,2,1
2907,2,1,1
3394,124,2,0
16998,1031,1,1
18416,1109,1,2
17803,613,1,1
17581,1019,2,2
2147,976,1,2
13444,649,1,0
4560,367,2,1
15111,925,1,2
13718,798,2,2
2199,161,2,0
11969,1082,1,0
15567,924,2,0
18207,8,1,1
15438,814,1,0
2792,619,2,0
11912,1049,2,0
10010,520,2,0
11012,1107,2,2
3370,1052,1,2
4056,961,1,1
12495,1019,2,0
10154,350,2,1
9843,133,2,0
9796,842,1,0
18118,760,1,0
18414,1099,1,0
7008,962,2,2
16423,885,1,1
13850,1054,1,0
3515,266,1,0
3113,1010,2,0
15323,1100,2,1
14093,395,4,0
4491,793,1,0
6128,891,1,0
4738,1033,1,1
3198,756,1,0
8699,149,2,0
341,122,2,0
3554,924,1,2
14832,963,1,0
11706,984,1,0
12216,102,2,0
657,895,1,1
11100,1008,2,1
13391,1019,1,2
4119,898,1,0
1389,87,1,1
10232,283,1,0
10113,469,4,0
8525,704,2,1
18143,465,2,0
5248,852,1,1
4764,509,2,0
9076,821,1,2
8106,1008,1,2
4694,759,2,0
9795,479,2,0
9386,2,1,0
3290,931,2,0
18385,294,2,0
519,122,2,0
7185,734,2,0
2465,1052,1,2
111,491,2,0
5591,706,1,1
3319,1055,1,0
7138,363,1,0
15978,475,2,0
2992,102,2,1
6210,471,2,0
17970,195,1,0
5242,468,2,0
4806,809,1,0
9884,779,2,2
16303,7,2,2
3011,601,1,1
3558,137,2,0
4949,613,1,1
827,167,1,0
17650,1033,1,1
17527,675,1,1
4377,230,4,0
2355,877,1,1
6175,816,1,0
18309,613,1,1
15389,181,2,0
12684,120,2,1
11976,1013,1,0
8452,823,2,1
14598,7,1,0
901,684,2,0
12074,734,1,0
6426,8,1,0
10297,956,1,2
16145,1061,2,2
1746,821,1,2
12450,763,2,0
16693,723,2,0
18538,1106,1,1
4482,483,1,0
13003,599,2,0
17757,984,1,1
13496,1071,2,0
5414,128,2,0
9557,1077,2,0
5216,476,2,0
18360,846,1,0
16207,249,1,1
15688,744,1,1
10242,480,2,0
1739,365,2,1
11928,1011,1,1
4115,471,2,0
2575,165,2,1
11381,501,2,0
6737,822,2,0
6406,808,1,0
11311,810,1,2
8447,16,2,0
16697,678,1,1
10964,118,1,0
13675,314,2,0
7095,353,1,0
9418,264,1,1
16949,1,2,0
17438,653,1,2
7046,798,1,1
7651,120,2,0
2190,734,1,2
10144,793,2,0
17685,638,1,1
17109,565,2,0
6239,356,2,1
8128,1076,2,1
4446,455,2,0
13889,894,1,0
14688,450,2,0
17585,734,2,2
8867,328,2,0
12590,1019,1,2
16785,699,2,1
8911,415,2,1
9346,245,2,0
6241,1052,1,0
11719,476,2,0
9663,834,2,1
8551,837,2,0
14928,931,2,0
15060,803,1,1
4587,879,1,0
6846,976,2,1
14207,1053,1,1
15709,378,2,0
4751,242,2,0
7527,714,1,0
2028,645,1,0
14721,155,1,0
14727,91,2,0
12602,945,1,0
17850,802,1,0
9565,471,2,0
1941,808,2,0
1980,641,1,1
14385,814,1,0
17888,171,2,0
8668,767,1,0
10416,135,2,0
217,13,1,1
16794,651,1,0
16467,468,2,0
16492,1095,2,0
16097,1,1,0
924,734,1,2
2136,600,1,0
11302,909,1,0
4589,126,2,0
15142,442,2,0
7639,1069,1,1
15324,823,2,0
16133,758,1,1
5032,1015,1,1
17830,102,2,0
1789,103,2,0
3381,370,4,0
1398,941,1,0
13626,155,2,0
16934,643,4,0
2314,767,1,1
11067,149,2,0
15365,224,2,0
10459,976,2,1
8114,999,2,0
15955,885,1,0
2114,821,1,1
17724,1019,1,0
15704,962,2,0
6906,527,2,0
12750,1107,1,2
4075,149,2,0
6986,1100,1,2
7868,655,2,0
2372,831,1,1
6085,834,2,1
5557,903,1,0
1656,465,2,0
17670,826,1,1
11518,756,1,1
31,457,2,0
1031,763,2,1
9752,995,1,2
809,204,1,1
3640,1026,1,0
2923,994,1,0
18016,600,1,2
7042,240,2,1
15825,931,2,0
2258,767,1,1
14403,914,1,1
11011,478,2,0
4973,1100,1,2
17624,448,2,0
12599,638,4,0
11093,1100,1,2
9267,500,2,0
12200,892,1,2
5964,709,1,0
4136,845,2,0
17061,822,1,0
15676,102,2,0
8054,472,4,0
315,909,2,1
3570,175,1,0
7377,1068,1,0
15309,211,1,1
1874,314,2,1
7071,180,2,0
3152,653,1,2
15697,823,1,0
2425,1008,1,1
2729,157,4,0
7506,795,2,0
15998,899,1,0
15256,1052,1,0
1446,236,2,0
7240,704,1,0
13348,817,1,0
5636,489,2,0
4881,1086,2,1
7904,684,1,0
8123,476,2,0
6794,1050,1,1
190,478,2,0
17307,118,2,0
4066,945,2,0
16510,958,1,0
10551,786,4,0
17638,242,2,0
3669,272,4,0
14654,684,2,1
4607,441,1,0
2614,885,1,0
15280,99,1,0
10722,808,1,0
14768,1111,1,1
3334,493,2,0
16453,457,2,0
5333,1067,1,0
13488,93,2,1
10625,881,4,0
8454,644,1,0
15072,1019,2,1
14454,490,2,0
16540,710,1,0
11863,760,1,1
16088,653,1,1
4685,653,2,0
12644,744,1,0
10984,584,1,0
10791,472,2,0
18506,845,2,0
10847,244,2,0
8675,474,2,0
11864,124,2,0
15273,704,1,0
5745,242,2,0
1255,1042,2,1
13027,298,2,0
3164,1031,1,0
5397,758,1,0
13706,369,2,0
4178,962,1,0
12454,1107,1,1
177,124,2,0
8162,856,1,1
13041,768,2,0
6385,1111,1,1
1816,1083,1,1
2660,824,1,1
18413,1002,1,0
14583,1086,2,1
6926,682,1,0
8166,599,2,2
1295,607,2,0
11457,837,1,1
470,648,2,0
11397,1086,2,2
1110,1042,2,2
7051,484,2,0
16515,846,2,0
18182,506,2,0
6808,653,1,1
2537,661,2,1
13181,488,1,0
154,257,2,1
8383,700,4,1
2564,406,1,1
12445,2,1,1
8728,243,2,0
8009,611,1,0
16608,845,2,0
313,902,1,0
14350,239,1,0
9820,931,2,0
14210,491,2,0
6644,1030,1,1
15347,962,2,2
9230,584,2,0
12757,814,2,0
7552,793,1,0
14018,962,2,2
8102,643,4,0
10319,1007,2,0
15910,475,2,0
3183,856,1,2
7033,684,2,0
16615,236,2,1
11200,229,1,1
4706,1052,2,0
4623,1008,2,1
10025,414,4,0
7296,734,1,2
1614,226,2,1
5647,995,2,0
2021,1072,1,0
6651,834,2,0
14219,489,2,0
10852,373,2,0
6727,995,1,1
6282,445,2,0
5727,119,2,0
16114,325,1,1
1216,7,1,0
1993,963,1,0
1776,798,2,1
12052,817,1,0
17750,805,2,0
9115,91,2,0
1006,603,1,0
2214,1008,2,1
17971,38,5,0
12235,962,2,1
9562,487,4,0
14486,480,1,0
3860,1116,1,0
6303,477,2,0
13434,465,2,0
7229,292,2,0
6661,32,1,0
12412,244,2,0
1904,892,2,0
14066,488,2,0
886,1018,1,0
769,893,1,0
1553,1010,1,0
8228,756,4,1
15713,477,2,0
432,255,2,0
14084,501,2,0
6781,57,1,1
3723,994,1,0
12389,1015,1,0
8892,97,2,1
16074,653,1,2
10444,230,2,0
107,118,2,1
12252,242,2,0
10767,97,4,0
5977,1017,1,1
10850,825,1,1
12053,881,1,1
15677,229,1,0
2096,135,2,0
2656,102,2,0
4439,475,2,0
12868,151,4,0
10438,208,1,1
15725,118,2,0
11192,885,1,1
3682,714,1,1
13795,834,2,0
14106,852,1,0
16809,1008,2,1
9725,244,2,0
9977,480,2,0
12174,133,2,0
10713,742,2,0
2759,1094,2,0
12719,169,1,0
10130,492,2,0
16746,498,2,0
13234,153,1,0
6893,206,4,0
12700,825,2,1
10537,664,1,0
10796,705,1,2
6498,155,2,0
8359,1017,1,0
5524,897,1,2
13842,536,1,1
17698,466,2,0
1965,664,1,0
13388,721,1,1
13233,477,2,0
6243,846,2,0
16754,845,2,0
16224,13,1,0
1266,246,2,1
1914,135,2,0
14062,518,2,0
1877,837,1,0
7502,1107,1,1
17773,845,2,2
561,641,1,0
4651,1026,2,0
12799,533,1,0
9901,707,1,0
11191,126,2,0
10690,126,2,0
5243,984,2,0
18170,734,1,2
1544,865,1,1
14761,149,2,0
6021,692,1,1
12710,1086,1,2
544,974,1,1
17015,292,4,0
7019,736,1,0
2608,1095,1,0
8623,944,1,0
2848,465,2,0
17596,506,2,0
7104,369,2,0
5624,13,1,2
9976,826,1,1
14493,925,1,0
5410,948,2,0
11752,505,2,0
8505,829,1,0
13526,909,1,1
14471,463,2,0
1424,414,2,0
17871,521,2,0
9254,476,2,0
14866,126,2,0
13568,805,2,0
15264,881,1,1
2965,344,1,1
15316,613,2,0
17592,809,2,0
2581,198,1,0
12613,757,1,0
17327,258,1,1
3989,380,2,0
16082,73,1,0
2164,691,2,1
918,271,2,0
8242,962,2,2
7953,976,2,0
6208,1007,1,0
2007,355,2,1
15166,957,1,1
2434,810,2,2
8948,344,2,0
10583,638,1,2
4094,995,2,1
7022,644,1,0
1343,128,2,0
5827,7,1,0
3689,758,1,1
18130,905,1,0
8154,600,2,2
10971,600,2,0
15126,468,4,0
17748,1063,1,0
14468,155,2,0
6899,754,1,0
7485,380,2,0
11116,1056,1,1
6753,91,2,0
3561,208,2,1
16140,1097,1,0
13149,1126,1,0
12193,159,2,0
7169,643,1,1
5440,472,2,0
8932,336,4,0
618,495,2,0
12137,763,2,1
11082,798,2,2
16101,9,2,0
1265,519,2,0
4216,1075,2,2
387,957,2,0
8155,500,4,0
9407,653,1,1
6071,292,2,1
6217,476,2,0
15887,493,2,0
11402,457,2,0
1538,1079,4,1
14401,468,2,0
12269,627,1,1
13610,276,1,0
999,704,2,1
12293,147,2,0
10944,704,1,2
12695,839,4,0
8210,767,1,1
17037,1100,2,2
12363,1086,2,1
9178,911,1,1
15798,584,2,0
13056,837,1,0
9603,1042,2,1
859,402,1,1
13073,463,2,0
2497,925,1,1
12337,977,5,1
12037,151,1,1
3753,471,2,0
11028,546,1,1
16530,1058,1,1
1916,91,2,0
1196,627,4,0
5203,468,2,0
14719,400,1,0
4293,1107,1,1
9497,242,2,0
15342,459,2,0
2639,17,1,1
4549,921,2,1
14303,830,1,1
11187,619,1,1
15605,356,1,0
5908,1095,1,1
6752,919,2,0
16417,884,1,1
14794,119,2,0
4943,470,2,0
10481,638,1,2
15167,244,2,0
2707,793,1,0
17291,481,2,0
15754,225,2,0
13801,102,2,0
7245,803,1,0
18493,700,2,0
17673,718,1,0
10958,1079,1,0
6487,942,1,1
7336,1104,2,1
2920,763,1,1
1861,627,1,1
9970,844,1,1
2490,167,2,1
15770,946,2,0
15918,283,2,0
17005,60,1,1
4799,126,2,0
2200,476,2,0
16895,9,1,0
3572,683,1,0
8190,1107,1,2
1670,793,1,0
2613,126,2,0
17145,400,1,0
15370,1117,1,0
5767,494,2,0
3948,481,2,0
8555,9,2,0
14146,676,1,0
14968,149,2,0
8709,793,1,0
12433,353,2,1
2917,1103,1,2
5357,282,2,0
14270,493,2,0
9667,473,2,0
16290,773,1,0
8468,981,1,1
14256,39,1,0
9991,484,2,0
10596,374,2,0
17551,815,1,1
6773,177,2,1
6722,465,2,0
18100,793,1,0
15092,814,1,0
18046,475,2,0
4422,814,1,0
91,984,1,1
8565,466,2,0
11466,825,2,1
15366,380,2,0
13914,619,1,0
14467,1031,2,0
662,244,2,0
6053,928,1,1
3460,242,2,0
9378,1042,1,2
7367,962,1,1
14803,208,2,0
18080,122,2,0
3371,882,2,0
9147,834,1,0
871,386,2,1
7838,584,1,0
2644,613,1,1
8220,845,2,1
16007,896,4,0
10655,568,1,1
7698,794,1,0
5630,380,1,0
4280,460,2,1
3260,95,2,1
14556,318,1,0
16549,943,2,1
16056,100,2,0
3428,472,1,0
7747,393,2,1
15013,821,2,0
14431,894,1,1
13645,921,2,0
12982,74,4,1
2635,16,1,0
1976,460,2,0
12560,155,2,0
952,13,1,0
13377,242,2,0
16889,723,1,1
12132,157,2,0
3531,691,2,0
13722,756,1,1
10542,760,1,1
17866,128,2,0
4401,802,1,1
6089,846,2,2
10224,13,4,0
3229,984,1,0
9956,477,2,0
7635,925,1,0
8090,946,2,0
10696,1014,1,1
17475,856,1,1
16897,244,2,0
6957,1063,2,0
928,836,1,0
14430,135,2,0
14271,895,1,1
2134,915,1,1
4883,415,2,1
14166,1033,2,0
9215,909,2,0
11633,139,2,1
687,638,1,2
5401,1107,1,2
9121,627,2,1
18358,73,1,1
8783,898,1,0
1729,462,1,0
5317,518,1,0
10902,1008,1,0
16304,704,1,2
14286,849,1,0
16051,1061,2,2
13500,520,2,0
6408,495,2,0
7198,794,1,1
12079,668,1,2
13621,895,4,0
6709,684,2,1
9689,126,2,0
9251,335,1,1
12909,84,4,1
10183,814,2,0
14041,714,1,0
8287,320,2,1
7999,885,2,0
7085,760,4,0
17738,705,1,0
7345,465,2,0
1809,291,2,0
4622,816,1,0
12975,471,2,0
1433,270,2,0
13118,290,2,1
265,831,4,0
6914,1,1,0
9489,644,1,0
11235,530,1,1
3028,488,2,0
1064,976,1,2
14287,870,1,0
16990,894,1,2
8229,891,1,0
6782,296,1,1
714,9,1,0
7292,653,1,0
9098,709,2,0
1887,326,2,1
5844,763,2,0
4930,91,4,0
8333,798,2,2
5711,808,1,0
11654,607,2,1
10138,485,2,0
17411,557,1,0
17193,1048,1,0
2382,856,1,1
12202,810,2,1
1829,240,4,0
8196,373,2,0
12108,1086,2,0
6731,494,4,0
5957,135,1,0
18147,809,1,0
4542,242,2,0
2208,1086,2,2
7495,118,2,0
1077,318,2,0
3003,943,1,1
139,474,2,0
5733,798,2,0
7412,480,2,0
13755,834,2,0
17071,1014,4,0
15410,816,1,0
8531,508,2,0
12010,405,2,1
17569,793,2,0
5835,938,1,1
1603,737,2,0
3894,1052,1,0
15176,1100,1,2
7561,33,4,0
13273,1010,2,1
7155,989,1,1
14336,1106,2,1
1225,1033,1,1
6798,638,1,2
13838,1007,1,0
16301,380,2,0
10522,378,2,0
9350,1111,1,1
14288,125,2,0
8496,460,2,1
7976,144,2,1
6691,644,1,1
13046,845,2,1
17991,430,2,0
8063,944,1,1
14890,760,1,0
7432,1061,1,2
2348,615,2,0
4736,244,2,0
5098,902,2,0
4357,891,1,0
1367,808,1,0
9480,989,1,2
16087,141,2,0
14487,763,1,0
2488,133,2,0
2233,839,1,1
5418,538,1,1
5950,984,1,1
11295,643,1,1
853,159,2,0
17202,1054,1,0
13421,413,1,0
2250,1,1,0
555,834,2,0
15294,600,1,0
9632,1112,1,2
2224,1099,1,1
9909,389,2,0
9730,1100,1,1
9617,91,2,0
16268,837,1,1
12532,915,1,2
3832,519,2,0
1971,79,1,1
7978,1025,1,0
15634,471,2,0
360,834,2,2
4965,476,2,0
5823,460,2,1
6720,878,1,0
11430,135,1,0
15572,691,2,1
5933,878,1,0
16579,535,5,0
6723,500,2,0
9797,891,1,0
17372,127,2,0
8052,704,1,2
2983,676,1,1
3973,470,1,0
15719,126,2,0
11065,810,1,1
2166,707,2,0
5049,846,2,0
14381,652,2,0
12230,166,2,0
18230,931,2,0
13836,107,2,1
11474,533,1,0
17135,1044,2,0
5184,1018,1,1
17301,895,1,1
10590,475,2,0
14040,135,2,0
5527,742,2,0
69,875,1,1
1284,600,2,0
15406,157,2,0
14294,133,2,0
15367,962,2,1
504,798,1,0
13828,812,1,0
5307,520,2,0
16911,882,2,0
14064,380,1,0
6551,810,2,1
17519,662,1,0
18021,878,1,0
12418,864,1,1
10663,89,2,0
7027,963,1,0
3896,1095,1,0
14304,495,2,0
1485,702,1,0
3018,891,1,0
8413,493,2,0
15975,311,2,1
1416,325,4,0
9114,829,1,0
3272,406,2,1
12988,1024,1,0
12017,995,2,0
1349,1007,2,0
18442,902,4,1
15548,765,1,0
8658,459,2,0
9404,627,4,1
18122,384,2,0
3996,405,2,0
9463,118,2,0
5696,657,4,0
9236,845,2,2
9366,976,1,1
10826,735,1,0
15014,457,2,0
5671,831,1,0
11396,218,2,1
17561,477,2,0
9313,100,1,0
14155,149,2,0
14700,962,2,0
10876,344,2,1
6699,639,1,0
5502,479,2,0
13573,925,1,0
13685,892,1,1
8599,1026,1,1
8475,238,2,1
6019,21,1,1
17293,95,4,0
17774,894,1,0
17473,477,2,0
4454,734,1,1
8844,373,2,0
7682,923,1,0
6604,877,4,1
15103,206,2,0
1079,135,2,1
10261,979,2,0
5159,268,2,0
17666,494,2,0
1967,203,2,0
13378,1107,1,2
13571,794,1,0
5806,1063,1,0
4248,53,1,1
15658,478,2,0
10745,469,2,0
4959,607,1,0
13346,102,2,1
8767,508,2,0
16171,830,1,1
9271,1066,1,1
14039,839,1,0
8397,475,2,0
14127,821,1,1
3081,724,1,1
6638,1019,2,0
2566,793,1,0
7305,734,1,2
6776,652,1,1
10302,282,2,1
14130,532,1,1
16779,744,1,1
11180,181,2,0
6153,734,1,2
17795,187,1,1
1979,244,2,0
1908,653,1,0
10296,680,1,1
9330,810,1,2
8281,793,1,0
11510,957,1,1
18180,892,1,1
1111,915,1,1
13865,989,2,0
1915,794,1,0
12170,894,1,1
8672,494,2,0
15276,2,1,1
12357,476,2,0
10584,849,1,0
9625,490,2,0
5370,1015,1,1
15737,388,4,0
10748,853,2,0
13556,95,2,1
14962,499,2,0
8022,826,2,1
1909,846,1,2
11269,130,4,0
14931,962,2,1
2753,489,2,0
11038,102,2,0
10664,821,1,2
17165,734,1,2
424,476,2,0
3055,803,2,0
10800,892,1,1
14529,242,2,0
3267,1107,1,1
18525,810,1,2
5920,400,2,0
6533,1056,1,1
4974,12,1,0
15522,1048,1,1
752,821,1,1
55,471,2,0
6262,1052,1,1
13204,895,1,2
3297,280,2,0
15144,821,1,2
3971,1094,1,2
12463,9,1,0
14629,468,2,0
4792,664,1,0
13620,942,1,1
11990,87,1,2
11563,471,2,0
5181,700,1,1
4061,1052,1,1
4051,653,2,0
2334,476,2,0
7906,122,2,0
5261,485,2,0
6973,939,1,0
3407,1109,1,0
15105,691,2,1
11174,821,1,0
10461,702,1,1
9110,467,2,0
15838,445,2,0
2628,498,2,0
2461,496,2,0
8027,169,2,0
5750,653,2,1
5974,189,1,0
13691,845,2,2
4952,505,2,0
8337,825,2,1
240,892,2,1
5701,1075,1,2
2471,989,1,1
13932,734,1,0
13092,836,1,0
634,808,1,0
9016,1008,2,0
12598,159,2,0
2253,478,2,0
16572,613,1,0
3600,521,2,0
17593,470,2,0
12699,91,2,0
5762,292,2,0
9143,345,1,0
6456,707,2,0
6616,909,1,1
17626,181,2,0
13455,155,2,1
17277,989,1,1
8277,1008,2,0
17246,465,1,0
2077,518,2,0
16014,242,2,0
8770,1107,1,2
6872,1097,1,0
15181,73,1,2
9783,443,2,1
3911,471,2,0
16909,609,2,0
8521,472,2,0
10330,1097,1,1
17542,878,1,1
1792,255,4,0
11807,756,1,0
12806,962,1,2
18141,734,1,0
4019,684,2,2
7915,244,2,0
3944,793,1,0
1546,936,1,0
3698,1091,1,1
7264,779,2,2
15492,1107,1,1
7379,500,2,0
15056,293,2,0
16430,1054,1,0
15225,755,1,0
16885,467,2,0
8498,122,2,0
6560,810,1,1
3781,223,2,1
11138,1100,1,2
9340,627,2,1
7383,1109,1,1
16198,963,1,0
13936,851,1,0
7476,1031,1,1
7793,324,2,1
5931,562,1,2
7039,2,2,0
3932,490,2,0
12030,707,1,0
3462,653,2,1
10960,885,1,1
7883,989,1,1
9440,976,1,1
7610,653,1,1
8055,481,2,1
5439,1019,1,1
3659,1060,2,0
11244,570,1,1
6483,896,1,0
17532,161,2,0
9324,891,1,0
7126,821,1,2
6334,692,1,0
4702,181,4,0
10505,378,2,0
17815,892,1,1
18387,690,1,0
10230,477,2,0
13498,648,1,0
12522,1052,2,0
1813,607,2,0
14199,401,4,0
11229,358,4,0
2954,802,1,0
1112,794,1,0
16869,938,1,1
3493,821,2,2
9741,263,1,1
502,290,1,0
5500,477,2,0
6977,600,2,2
1618,12,1,0
5868,498,2,0
2113,460,1,1
15888,126,2,0
903,846,2,1
11731,342,2,0
683,735,1,0
14458,823,2,0
11463,494,2,0
16287,653,2,2
17322,949,1,1
13856,798,2,0
14224,869,1,1
4600,613,1,2
6552,816,2,0
13609,476,2,0
1832,755,1,0
4647,173,1,0
3226,479,2,0
10012,826,2,1
1542,457,2,0
11132,1050,2,0
2290,1052,2,2
93,1086,2,0
5074,1007,2,0
4635,161,2,1
1626,520,2,0
11087,823,1,1
15085,1008,2,2
1795,805,1,0
9538,607,1,2
13737,518,2,0
14446,126,2,0
18104,118,2,0
15843,734,1,1
10952,414,4,0
12853,584,1,1
3067,763,2,0
3504,995,1,2
12705,249,2,1
16569,1091,2,0
1527,16,2,0
7030,609,4,0
15503,1060,1,0
2387,118,2,0
6649,976,2,0
9017,459,4,0
1003,244,2,0
6780,609,2,0
8640,133,2,0
972,2,1,0
16126,600,1,0
7712,126,2,0
15544,684,2,2
13109,342,2,1
10126,242,2,0
9125,793,1,0
18233,278,2,1
17620,1107,1,0
7049,1008,1,0
13661,653,1,1
1436,468,2,0
2183,7,1,1
5547,793,1,0
9738,87,1,1
7113,546,1,0
15700,509,2,0
15733,1100,1,1
4021,1052,1,0
878,999,2,0
11695,244,2,1
15412,845,2,1
1972,922,1,1
64,921,2,0
2897,878,1,0
2708,311,1,0
12865,478,1,0
14741,649,1,0
15514,430,2,0
9361,1066,1,1
17629,155,2,1
15650,133,2,0
18543,998,1,1
4605,7,1,0
15922,831,1,1
968,255,1,0
12815,921,2,1
12879,1100,1,2
8265,319,2,0
6388,1052,1,0
15753,921,2,0
8616,1026,1,0
16349,1107,1,2
4596,700,1,0
17616,793,1,0
2675,249,2,1
16526,644,1,0
5285,1086,1,2
15968,760,4,0
12645,734,1,2
7341,945,2,0
13288,193,2,0
2416,358,2,0
11833,1000,1,0
8960,122,2,0
12314,844,1,2
11231,1006,1,0
7246,497,2,0
3266,707,2,0
14273,135,2,0
6925,497,2,0
10708,925,1,0
14518,445,2,0
24,367,4,0
3624,495,2,0
8897,102,2,0
5932,995,1,1
16705,154,4,0
5945,466,2,0
14410,734,1,0
11591,149,2,1
7560,495,2,0
8872,564,2,1
17854,794,1,0
9314,976,2,1
3497,673,1,0
3787,128,2,0
5859,476,2,0
4619,1081,1,1
3532,915,1,0
12383,601,1,2
13005,1042,2,0
11006,707,2,0
11650,763,2,2
3653,244,2,0
11598,344,2,0
14485,479,1,0
18033,288,4,0
4289,325,2,0
18258,810,1,2
17125,1089,1,1
3849,141,2,1
8012,618,1,0
1556,735,1,0
10163,846,2,0
15701,509,2,0
9915,476,2,0
358,1104,1,1
11280,837,4,1
17063,382,4,0
2829,1018,1,1
16241,460,2,1
13416,623,1,0
13834,149,2,0
1341,859,1,0
6969,507,2,0
10434,892,2,0
17876,898,1,1
5369,506,2,0
18175,17,1,0
16369,905,1,0
14198,962,2,2
6509,126,2,0
18004,1008,2,0
13878,145,1,0
17418,471,2,0
17262,899,1,0
15622,1075,2,1
11054,805,2,0
2019,945,2,0
15545,738,1,0
6785,126,2,1
13879,704,2,1
6601,814,1,0
9238,488,2,0
2299,382,2,0
1490,344,1,0
18085,476,2,0
14218,950,1,1
17705,885,2,0
2674,116,2,0
17578,704,1,1
9311,699,2,0
13265,465,2,0
3330,1042,2,0
9204,481,2,0
4018,135,2,0
9981,1037,1,0
13905,126,2,0
10476,810,1,0
8136,149,4,0
12034,707,2,0
4029,1008,2,0
3249,839,1,2
15196,177,4,0
11228,255,2,0
7086,506,2,0
16913,707,1,0
1779,202,2,0
14316,480,2,0
5649,161,2,0
13640,893,1,1
15029,1055,2,0
10629,234,1,1
10591,834,2,2
3593,465,2,0
6088,690,1,0
5749,714,1,1
162,292,2,0
8233,157,1,0
3091,498,2,0
5867,1063,1,0
5471,921,2,1
5550,313,2,0
3539,661,1,0
14384,834,1,1
1624,989,1,1
2599,1066,2,0
16695,478,2,0
2520,427,4,0
11893,199,2,0
4513,466,2,0
15698,504,2,0
4864,245,2,0
17407,100,2,0
16555,126,2,0
3582,471,2,0
17639,734,1,2
1050,881,1,0
1046,710,2,0
795,723,1,1
5009,601,1,0
18299,932,2,0
4459,744,1,1
7562,793,1,0
7880,122,2,0
7332,391,1,0
2891,157,4,0
15339,1107,1,2
161,321,2,0
2539,127,2,0
3730,1100,1,1
3283,793,1,0
6910,447,4,0
14076,834,1,1
9421,1021,1,2
5897,835,1,0
18444,373,2,0
8380,628,2,0
15946,895,1,2
4818,348,2,1
13952,734,2,1
14643,501,2,0
17204,831,2,0
3817,276,2,0
2088,844,1,2
14581,793,1,0
14998,995,2,2
948,1038,1,1
14253,653,1,0
12733,329,2,0
6223,837,1,0
10226,798,2,1
7821,845,2,0
7927,914,1,1
469,480,2,0
9594,793,2,0
12764,653,2,0
1065,600,2,0
18058,1008,2,0
12660,947,1,1
17369,632,1,2
637,122,4,0
14171,17,1,0
6337,1107,1,2
12080,135,2,0
16429,1107,1,2
5468,1011,1,1
1144,734,1,2
2368,494,1,0
18219,484,2,0
8951,505,2,0
2275,144,2,1
10275,803,1,1
11112,957,1,1
10548,1107,1,0
5599,1111,1,1
8087,684,1,2
7827,734,2,0
1867,242,2,0
10837,755,1,0
1397,407,4,0
12126,1100,2,2
14142,506,2,0
17764,808,1,0
12812,925,1,0
17199,475,2,0
15532,220,2,1
7932,637,1,0
12736,836,1,0
2770,1100,1,2
466,937,1,1
5786,314,4,0
3765,1010,2,0
2239,638,1,0
11918,276,2,1
2402,760,1,1
576,322,2,0
7188,124,2,0
9460,885,1,0
16691,979,1,0
5773,707,1,0
17767,618,1,0
16222,600,2,2
10045,875,1,1
813,737,1,0
9123,691,2,0
883,1030,2,0
6044,613,1,0
8891,695,1,0
797,126,2,0
9100,629,1,0
14921,610,1,0
7789,889,1,1
17172,899,1,1
8045,465,2,0
18061,821,1,1
11636,989,1,0
11884,97,2,1
12873,476,2,0
16588,1029,1,0
16742,814,2,0
7830,135,2,0
3061,846,1,2
2671,256,2,0
146,505,2,0
13794,678,1,1
8062,102,2,0
11674,812,1,0
4232,1107,2,2
18528,1042,2,2
6115,242,1,0
8138,495,2,0
10069,885,1,1
17414,1008,2,0
1101,465,2,0
9028,1042,2,2
6224,1061,2,0
4762,536,1,1
623,1100,2,0
11462,400,1,1
3729,208,1,1
6668,895,1,1
16630,147,2,0
4146,1026,1,0
888,85,4,1
5798,604,1,1
3886,1087,1,1
1102,600,2,2
11818,845,2,2
13241,814,2,0
3626,798,2,2
6423,151,4,0
10331,899,1,2
14531,161,2,0
13197,124,2,0
15821,893,1,1
13362,878,2,0
7426,501,4,0
16799,159,1,0
5970,806,1,2
594,734,2,1
6453,475,2,0
15373,961,1,1
14399,919,1,0
5185,390,2,0
18492,135,2,0
8115,745,1,2
11992,471,2,0
3415,155,2,0
16544,1052,1,0
12534,378,2,0
16671,95,2,0
13944,79,1,0
9388,298,4,0
745,272,2,1
1488,504,2,0
11764,805,1,0
17185,684,1,2
339,1095,1,2
6381,737,1,0
13754,613,1,2
2777,507,2,0
13328,465,2,0
1787,599,2,2
1849,1,2,0
6494,823,1,0
15032,814,1,0
15430,963,2,0
3511,996,2,0
14216,91,2,0
2169,737,1,1
3405,388,1,1
5101,822,4,1
5119,18,1,1
13202,475,4,0
11300,485,2,0
15046,546,1,0
9185,790,4,0
17646,756,1,1
12735,826,1,0
9656,818,2,0
10511,1008,2,2
12449,946,1,0
2840,193,4,0
6391,128,2,0
9093,766,1,0
7032,300,2,0
1108,345,1,0
2864,755,1,0
5346,229,2,0
13814,810,1,1
9551,825,1,1
5946,561,4,1
11952,495,2,0
4256,504,2,0
6410,919,1,0
2030,925,1,0
8981,643,1,2
8336,902,1,0
16262,504,2,0
11613,478,2,0
3450,444,1,1
4065,238,1,0
1628,224,2,1
16687,1090,1,1
6813,1115,1,1
10455,1075,2,2
870,167,2,0
18068,106,1,0
14111,1086,2,2
15189,7,1,0
17067,885,1,0
